

================================================================
== Synthesis Summary Report of 'transformer_block_lora_backward'
================================================================
+ General Information: 
    * Date:           Thu Oct  8 00:44:42 2026
    * Version:        2026.1 (Build 6493734 on Jun 16 2026)
    * Project:        transformer_block_lora_backward
    * Solution:       hls
    * Product family: zynquplus
    * Target device:  xczu7ev-ffvc1156-2-e
    

* Performance & Resource Estimates: 
+--------------------------------------------------------------------------------------+------+---------------+----------+---------+------+----------+---------+-----------+-------+-----------+-----------+-------------+-------------+-----+
|                                        Modules                                       | Issue|               | Iteration|         | Trip |          |       Latency       |       |           |           |             |             |     |
|                                        & Loops                                       | Type | Violation Type|  Latency | Interval| Count| Pipelined| (cycles)|    (ns)   | Slack |   BRAM    |    DSP    |      FF     |     LUT     | URAM|
+--------------------------------------------------------------------------------------+------+---------------+----------+---------+------+----------+---------+-----------+-------+-----------+-----------+-------------+-------------+-----+
|+ transformer_block_lora_backward                                                     |     -|              -|         -|  2149126|     -|        no|  2149125|  3.224e+07|   0.00|  144 (23%)|  275 (15%)|  60887 (13%)|  65682 (28%)|    -|
| + gemm_backward_dIn1_4_512_256_s                                                     |     -|              -|         -|   603196|     -|        no|   603196|  9.048e+06|   0.00|     8 (1%)|          -|   1074 (~0%)|   1469 (~0%)|    -|
|  o VITIS_LOOP_22_1                                                                   |     -|              -|    150797|        -|     4|        no|   603188|  9.048e+06|  13.00|          -|          -|            -|            -|    -|
|   + gemm_backward_dIn1_4_512_256_Pipeline_VITIS_LOOP_25_2                            |     -|              -|         -|      259|     -|       yes|      259|  3.885e+03|   0.00|          -|          -|     63 (~0%)|     82 (~0%)|    -|
|    o VITIS_LOOP_25_2                                                                 |     -|              -|         3|        1|   256|       yes|      257|  3.855e+03|  13.00|          -|          -|            -|            -|    -|
|   o VITIS_LOOP_27_3                                                                  |     -|              -|       294|        -|   512|        no|   150528|  2.258e+06|  13.00|          -|          -|            -|            -|    -|
|    + gemm_backward_dIn1_4_512_256_Pipeline_VITIS_LOOP_32_5                           |     -|              -|         -|      263|     -|       yes|      263|  3.945e+03|   0.00|          -|          -|    651 (~0%)|    383 (~0%)|    -|
|     o VITIS_LOOP_32_5                                                                |     -|              -|        14|        8|    32|       yes|      261|  3.915e+03|  13.00|          -|          -|            -|            -|    -|
|    + gemm_backward_dIn1_4_512_256_Pipeline_VITIS_LOOP_39_7                           |     -|              -|         -|       26|     -|       yes|       26|    390.000|   0.35|          -|          -|    106 (~0%)|    152 (~0%)|    -|
|     o VITIS_LOOP_39_7                                                                |     -|              -|         4|        3|     8|       yes|       24|    360.000|  13.00|          -|          -|            -|            -|    -|
| + transformer_block_lora_backward_Pipeline_VITIS_LOOP_201_1                          |     -|              -|         -|     2110|     -|       yes|     2110|  3.165e+04|   0.00|          -|  197 (11%)|   18158 (3%)|   16927 (7%)|    -|
|  o VITIS_LOOP_201_1                                                                  |     -|              -|        62|        1|  2048|       yes|     2108|  3.162e+04|  13.00|          -|          -|            -|            -|    -|
|   + generic_erf_float_s                                                              |     -|              -|         -|        1|     -|       yes|       44|    660.000|   0.35|          -|  184 (10%)|   17004 (3%)|   15608 (6%)|    -|
| + gemm_backward_dIn1_4_256_512_s                                                     |     -|              -|         -|   565301|     -|        no|   565301|  8.480e+06|   0.00|     8 (1%)|          -|    967 (~0%)|   1300 (~0%)|    -|
|  o VITIS_LOOP_22_1                                                                   |     -|              -|    141325|        -|     4|        no|   565300|  8.480e+06|  13.00|          -|          -|            -|            -|    -|
|   + gemm_backward_dIn1_4_256_512_Pipeline_VITIS_LOOP_25_2                            |     -|              -|         -|      514|     -|       yes|      514|  7.710e+03|  10.53|          -|          -|     22 (~0%)|     91 (~0%)|    -|
|    o VITIS_LOOP_25_2                                                                 |     -|              -|         2|        1|   512|       yes|      512|  7.680e+03|  13.00|          -|          -|            -|            -|    -|
|   o VITIS_LOOP_27_3                                                                  |     -|              -|       550|        -|   256|        no|   140800|  2.112e+06|  13.00|          -|          -|            -|            -|    -|
|    + gemm_backward_dIn1_4_256_512_Pipeline_VITIS_LOOP_32_5                           |     -|              -|         -|      519|     -|       yes|      519|  7.785e+03|   0.00|          -|          -|    654 (~0%)|    384 (~0%)|    -|
|     o VITIS_LOOP_32_5                                                                |     -|              -|        14|        8|    64|       yes|      517|  7.755e+03|  13.00|          -|          -|            -|            -|    -|
|    + gemm_backward_dIn1_4_256_512_Pipeline_VITIS_LOOP_39_7                           |     -|              -|         -|       26|     -|       yes|       26|    390.000|   0.35|          -|          -|    106 (~0%)|    152 (~0%)|    -|
|     o VITIS_LOOP_39_7                                                                |     -|              -|         4|        3|     8|       yes|       24|    360.000|  13.00|          -|          -|            -|            -|    -|
| + layer_norm_backward_impl_4_256_s                                                   |     -|              -|         -|     7397|     -|        no|     7397|  1.110e+05|   0.00|          -|   10 (~0%)|   1839 (~0%)|    2305 (1%)|    -|
|  o VITIS_LOOP_74_1                                                                   |     -|              -|      1849|        -|     4|        no|     7396|  1.109e+05|  13.00|          -|          -|            -|            -|    -|
|   + layer_norm_backward_impl_4_256_Pipeline_VITIS_LOOP_76_2                          |     -|              -|         -|      771|     -|       yes|      771|  1.156e+04|   0.00|          -|          -|    113 (~0%)|    131 (~0%)|    -|
|    o VITIS_LOOP_76_2                                                                 |     -|              -|         5|        3|   256|       yes|      769|  1.154e+04|  13.00|          -|          -|            -|            -|    -|
|   + layer_norm_backward_impl_4_256_Pipeline_VITIS_LOOP_93_4                          |     -|              -|         -|      773|     -|       yes|      773|  1.160e+04|   0.00|          -|          -|    211 (~0%)|    194 (~0%)|    -|
|    o VITIS_LOOP_93_4                                                                 |     -|              -|         7|        3|   256|       yes|      771|  1.156e+04|  13.00|          -|          -|            -|            -|    -|
|   + layer_norm_backward_impl_4_256_Pipeline_VITIS_LOOP_83_3                          |     -|              -|         -|      775|     -|       yes|      775|  1.162e+04|   0.00|          -|          -|    180 (~0%)|    164 (~0%)|    -|
|    o VITIS_LOOP_83_3                                                                 |     -|              -|         9|        3|   256|       yes|      773|  1.160e+04|  13.00|          -|          -|            -|            -|    -|
|   + layer_norm_backward_impl_4_256_Pipeline_VITIS_LOOP_102_5                         |     -|              -|         -|      269|     -|       yes|      269|  4.035e+03|   0.00|          -|          -|    301 (~0%)|    131 (~0%)|    -|
|    o VITIS_LOOP_102_5                                                                |     -|              -|        13|        1|   256|       yes|      267|  4.005e+03|  13.00|          -|          -|            -|            -|    -|
| + transformer_block_lora_backward_Pipeline_VITIS_LOOP_791_1                          |     -|              -|         -|     1029|     -|       yes|     1029|  1.544e+04|   0.00|          -|          -|    192 (~0%)|    118 (~0%)|    -|
|  o VITIS_LOOP_791_1                                                                  |     -|              -|         5|        1|  1024|       yes|     1027|  1.540e+04|  13.00|          -|          -|            -|            -|    -|
| + multi_head_lora_backward_impl_4_256_4_4_s                                          |     -|              -|         -|   961628|     -|        no|   961628|  1.442e+07|   0.00|   70 (11%)|    52 (3%)|   17640 (3%)|   21371 (9%)|    -|
|  + gemm_backward_dIn1_4_256_256_s                                                    |     -|              -|         -|   302133|     -|        no|   302133|  4.532e+06|   0.00|     8 (1%)|    5 (~0%)|   1264 (~0%)|   1602 (~0%)|    -|
|   o VITIS_LOOP_22_1                                                                  |     -|              -|     75533|        -|     4|        no|   302132|  4.532e+06|  13.00|          -|          -|            -|            -|    -|
|    + gemm_backward_dIn1_4_256_256_Pipeline_VITIS_LOOP_25_2                           |     -|              -|         -|      258|     -|       yes|      258|  3.870e+03|  10.53|          -|          -|     20 (~0%)|     88 (~0%)|    -|
|     o VITIS_LOOP_25_2                                                                |     -|              -|         2|        1|   256|       yes|      256|  3.840e+03|  13.00|          -|          -|            -|            -|    -|
|    o VITIS_LOOP_27_3                                                                 |     -|              -|       294|        -|   256|        no|    75264|  1.129e+06|  13.00|          -|          -|            -|            -|    -|
|     + gemm_backward_dIn1_4_256_256_Pipeline_VITIS_LOOP_32_5                          |     -|              -|         -|      263|     -|       yes|      263|  3.945e+03|   0.00|          -|    3 (~0%)|    779 (~0%)|    518 (~0%)|    -|
|      o VITIS_LOOP_32_5                                                               |     -|              -|        14|        8|    32|       yes|      261|  3.915e+03|  13.00|          -|          -|            -|            -|    -|
|     + gemm_backward_dIn1_4_256_256_Pipeline_VITIS_LOOP_39_7                          |     -|              -|         -|       26|     -|       yes|       26|    390.000|   0.35|          -|          -|    107 (~0%)|    152 (~0%)|    -|
|      o VITIS_LOOP_39_7                                                               |     -|              -|         4|        3|     8|       yes|       24|    360.000|  13.00|          -|          -|            -|            -|    -|
|  + lora_project_backward_impl_4_256_4_s                                              |     -|              -|         -|   319532|     -|        no|   319532|  4.793e+06|   0.00|    25 (4%)|    37 (2%)|    8420 (1%)|   10350 (4%)|    -|
|   + lora_project_backward_impl_4_256_4_Outline_VITIS_LOOP_85_1                       |     -|              -|         -|     4697|     -|        no|     4697|  7.046e+04|   0.00|          -|          -|    662 (~0%)|    797 (~0%)|    -|
|    o VITIS_LOOP_85_1                                                                 |     -|              -|      1174|        -|     4|        no|     4696|  7.044e+04|  13.00|          -|          -|            -|            -|    -|
|     o VITIS_LOOP_86_2                                                                |     -|              -|       293|        -|     4|        no|     1172|  1.758e+04|  13.00|          -|          -|            -|            -|    -|
|      + lora_project_backward_impl_4_256_4_Pipeline_2                                 |     -|              -|         -|        6|     -|       yes|        6|     90.000|  11.47|          -|          -|      5 (~0%)|     49 (~0%)|    -|
|       o Loop 1                                                                       |     -|              -|         1|        1|     4|       yes|        4|     60.000|  13.00|          -|          -|            -|            -|    -|
|      + lora_project_backward_impl_4_256_4_Pipeline_VITIS_LOOP_91_3                   |     -|              -|         -|      270|     -|       yes|      270|  4.050e+03|   0.00|          -|          -|    298 (~0%)|    267 (~0%)|    -|
|       o VITIS_LOOP_91_3                                                              |     -|              -|        14|        1|   256|       yes|      268|  4.020e+03|  13.00|          -|          -|            -|            -|    -|
|   + lora_project_backward_impl_4_256_4_Pipeline_VITIS_LOOP_231_1                     |     -|              -|         -|     1027|     -|       yes|     1027|  1.540e+04|   3.34|          -|    1 (~0%)|     49 (~0%)|    144 (~0%)|    -|
|    o VITIS_LOOP_231_1                                                                |     -|              -|         3|        1|  1024|       yes|     1025|  1.538e+04|  13.00|          -|          -|            -|            -|    -|
|   + gemm_backward_dIn1_4_4_256_s                                                     |     -|              -|         -|     5870|     -|        no|     5870|  8.805e+04|   0.00|     8 (1%)|    1 (~0%)|   1459 (~0%)|   1642 (~0%)|    -|
|    o VITIS_LOOP_22_1                                                                 |     -|              -|      1467|        -|     4|        no|     5869|  8.804e+04|  13.00|          -|          -|            -|            -|    -|
|     + gemm_backward_dIn1_4_4_256_Pipeline_VITIS_LOOP_25_2                            |     -|              -|         -|      269|     -|       yes|      269|  4.035e+03|   8.65|          -|    1 (~0%)|    477 (~0%)|    400 (~0%)|    -|
|      o VITIS_LOOP_25_2                                                               |     -|              -|        13|        1|   256|       yes|      267|  4.005e+03|  13.00|          -|          -|            -|            -|    -|
|     o VITIS_LOOP_27_3                                                                |     -|              -|       297|        -|     4|        no|     1188|  1.782e+04|  13.00|          -|          -|            -|            -|    -|
|      + gemm_backward_dIn1_4_4_256_Pipeline_VITIS_LOOP_32_5                           |     -|              -|         -|      263|     -|       yes|      263|  3.945e+03|   0.00|          -|          -|    651 (~0%)|    383 (~0%)|    -|
|       o VITIS_LOOP_32_5                                                              |     -|              -|        14|        8|    32|       yes|      261|  3.915e+03|  13.00|          -|          -|            -|            -|    -|
|      + gemm_backward_dIn1_4_4_256_Pipeline_VITIS_LOOP_39_7                           |     -|              -|         -|       26|     -|       yes|       26|    390.000|   0.35|          -|          -|    107 (~0%)|    152 (~0%)|    -|
|       o VITIS_LOOP_39_7                                                              |     -|              -|         4|        3|     8|       yes|       24|    360.000|  13.00|          -|          -|            -|            -|    -|
|   + gemm_backward_dIn1_4_256_256_s                                                   |     -|              -|         -|   302133|     -|        no|   302133|  4.532e+06|   0.00|     8 (1%)|    5 (~0%)|   1264 (~0%)|   1602 (~0%)|    -|
|    o VITIS_LOOP_22_1                                                                 |     -|              -|     75533|        -|     4|        no|   302132|  4.532e+06|  13.00|          -|          -|            -|            -|    -|
|     + gemm_backward_dIn1_4_256_256_Pipeline_VITIS_LOOP_25_2                          |     -|              -|         -|      258|     -|       yes|      258|  3.870e+03|  10.53|          -|          -|     20 (~0%)|     88 (~0%)|    -|
|      o VITIS_LOOP_25_2                                                               |     -|              -|         2|        1|   256|       yes|      256|  3.840e+03|  13.00|          -|          -|            -|            -|    -|
|     o VITIS_LOOP_27_3                                                                |     -|              -|       294|        -|   256|        no|    75264|  1.129e+06|  13.00|          -|          -|            -|            -|    -|
|      + gemm_backward_dIn1_4_256_256_Pipeline_VITIS_LOOP_32_5                         |     -|              -|         -|      263|     -|       yes|      263|  3.945e+03|   0.00|          -|    3 (~0%)|    779 (~0%)|    518 (~0%)|    -|
|       o VITIS_LOOP_32_5                                                              |     -|              -|        14|        8|    32|       yes|      261|  3.915e+03|  13.00|          -|          -|            -|            -|    -|
|      + gemm_backward_dIn1_4_256_256_Pipeline_VITIS_LOOP_39_7                         |     -|              -|         -|       26|     -|       yes|       26|    390.000|   0.35|          -|          -|    107 (~0%)|    152 (~0%)|    -|
|       o VITIS_LOOP_39_7                                                              |     -|              -|         4|        3|     8|       yes|       24|    360.000|  13.00|          -|          -|            -|            -|    -|
|   + lora_project_backward_impl_4_256_4_Outline_VITIS_LOOP_47_1                       |     -|              -|         -|     1113|     -|        no|     1113|  1.670e+04|   0.00|          -|    8 (~0%)|    945 (~0%)|   1055 (~0%)|    -|
|    o VITIS_LOOP_47_1                                                                 |     -|              -|       278|        -|     4|        no|     1112|  1.668e+04|  13.00|          -|          -|            -|            -|    -|
|     + lora_project_backward_impl_4_256_4_Pipeline_VITIS_LOOP_50_2                    |     -|              -|         -|        6|     -|       yes|        6|     90.000|  11.47|          -|          -|    136 (~0%)|     60 (~0%)|    -|
|      o VITIS_LOOP_50_2                                                               |     -|              -|         2|        1|     4|       yes|        4|     60.000|  13.00|          -|          -|            -|            -|    -|
|     + lora_project_backward_impl_4_256_4_Pipeline_VITIS_LOOP_52_3                    |     -|              -|         -|      268|     -|       yes|      268|  4.020e+03|   0.00|          -|    8 (~0%)|    797 (~0%)|    879 (~0%)|    -|
|      o VITIS_LOOP_52_3                                                               |     -|              -|        12|        1|   256|       yes|      266|  3.990e+03|  13.00|          -|          -|            -|            -|    -|
|   + lora_project_backward_impl_4_256_4_Outline_VITIS_LOOP_22_1                       |     -|              -|         -|     4237|     -|        no|     4237|  6.356e+04|   0.00|          -|          -|    949 (~0%)|    819 (~0%)|    -|
|    o VITIS_LOOP_22_1                                                                 |     -|              -|      1059|        -|     4|        no|     4236|  6.354e+04|  13.00|          -|          -|            -|            -|    -|
|     + lora_project_backward_impl_4_256_4_Pipeline_VITIS_LOOP_25_2                    |     -|              -|         -|       12|     -|       yes|       12|    180.000|  10.55|          -|          -|    411 (~0%)|    248 (~0%)|    -|
|      o VITIS_LOOP_25_2                                                               |     -|              -|         8|        1|     4|       yes|       10|    150.000|  13.00|          -|          -|            -|            -|    -|
|     + lora_project_backward_impl_4_256_4_Pipeline_VITIS_LOOP_27_3                    |     -|              -|         -|     1036|     -|       yes|     1036|  1.554e+04|   0.00|          -|          -|    387 (~0%)|    307 (~0%)|    -|
|      o VITIS_LOOP_27_3                                                               |     -|              -|        15|        4|   256|       yes|     1034|  1.551e+04|  13.00|          -|          -|            -|            -|    -|
|   + lora_project_backward_impl_4_256_4_Outline_VITIS_LOOP_47_11                      |     -|              -|         -|     8449|     -|        no|     8449|  1.267e+05|   0.00|          -|          -|    845 (~0%)|    713 (~0%)|    -|
|    o VITIS_LOOP_47_1                                                                 |     -|              -|        33|        -|   256|        no|     8448|  1.267e+05|  13.00|          -|          -|            -|            -|    -|
|     + lora_project_backward_impl_4_256_4_Pipeline_VITIS_LOOP_50_22                   |     -|              -|         -|       14|     -|       yes|       14|    210.000|   0.00|          -|          -|    347 (~0%)|    221 (~0%)|    -|
|      o VITIS_LOOP_50_2                                                               |     -|              -|        10|        1|     4|       yes|       12|    180.000|  13.00|          -|          -|            -|            -|    -|
|     + lora_project_backward_impl_4_256_4_Pipeline_VITIS_LOOP_52_33                   |     -|              -|         -|       15|     -|       yes|       15|    225.000|   0.00|          -|          -|    474 (~0%)|    347 (~0%)|    -|
|      o VITIS_LOOP_52_3                                                               |     -|              -|        11|        1|     4|       yes|       13|    195.000|  13.00|          -|          -|            -|            -|    -|
|   + lora_project_backward_impl_4_256_4_Pipeline_VITIS_LOOP_247_2                     |     -|              -|         -|     1029|     -|       yes|     1029|  1.544e+04|   0.35|          -|          -|    191 (~0%)|    107 (~0%)|    -|
|    o VITIS_LOOP_247_2                                                                |     -|              -|         5|        1|  1024|       yes|     1027|  1.540e+04|  13.00|          -|          -|            -|            -|    -|
|  + multi_head_lora_backward_impl_4_256_4_4_Pipeline_VITIS_LOOP_713_6                 |     -|              -|         -|     1031|     -|       yes|     1031|  1.546e+04|   0.35|          -|          -|    259 (~0%)|    107 (~0%)|    -|
|   o VITIS_LOOP_713_6                                                                 |     -|              -|         7|        1|  1024|       yes|     1029|  1.544e+04|  13.00|          -|          -|            -|            -|    -|
|  o VITIS_LOOP_654_1                                                                  |     -|              -|      4848|        -|     4|        no|    19392|  2.909e+05|  13.00|          -|          -|            -|            -|    -|
|   + multi_head_lora_backward_impl_Pipeline_VITIS_LOOP_660_2_VITIS_LOOP_661_3         |     -|              -|         -|      267|     -|       yes|      267|  4.005e+03|   0.00|          -|          -|    773 (~0%)|    806 (~0%)|    -|
|    o VITIS_LOOP_660_2_VITIS_LOOP_661_3                                               |     -|              -|        11|        1|   256|       yes|      265|  3.975e+03|  13.00|          -|          -|            -|            -|    -|
|   + gemm_backward_dIn1_4_4_64_s                                                      |     -|              -|         -|     1289|     -|        no|     1289|  1.934e+04|   0.35|          -|          -|   1730 (~0%)|   1481 (~0%)|    -|
|    o VITIS_LOOP_22_1                                                                 |     -|              -|       322|        -|     4|        no|     1288|  1.932e+04|  13.00|          -|          -|            -|            -|    -|
|     + gemm_backward_dIn1_4_4_64_Pipeline_VITIS_LOOP_25_2                             |     -|              -|         -|       75|     -|       yes|       75|  1.125e+03|   8.64|          -|          -|    390 (~0%)|    390 (~0%)|    -|
|      o VITIS_LOOP_25_2                                                               |     -|              -|        11|        1|    64|       yes|       73|  1.095e+03|  13.00|          -|          -|            -|            -|    -|
|     o VITIS_LOOP_27_3                                                                |     -|              -|        61|        -|     4|        no|      244|  3.660e+03|  13.00|          -|          -|            -|            -|    -|
|      + gemm_backward_dIn1_4_4_64_Pipeline_VITIS_LOOP_32_5                            |     -|              -|         -|       30|     -|       yes|       30|    450.000|   0.35|          -|          -|    945 (~0%)|    387 (~0%)|    -|
|       o VITIS_LOOP_32_5                                                              |     -|              -|         8|        3|     8|       yes|       28|    420.000|  13.00|          -|          -|            -|            -|    -|
|      + gemm_backward_dIn1_4_4_64_Pipeline_VITIS_LOOP_39_7                            |     -|              -|         -|       26|     -|       yes|       26|    390.000|   0.35|          -|          -|    106 (~0%)|    152 (~0%)|    -|
|       o VITIS_LOOP_39_7                                                              |     -|              -|         4|        3|     8|       yes|       24|    360.000|  13.00|          -|          -|            -|            -|    -|
|   + attention_scores_backward_impl_4_64_s                                            |     -|              -|         -|     2489|     -|        no|     2489|  3.734e+04|   0.35|    5 (~0%)|    6 (~0%)|   2600 (~0%)|    2783 (1%)|    -|
|    + attention_scores_backward_impl_4_64_Pipeline_VITIS_LOOP_116_1_VITIS_LOOP_117_2  |     -|              -|         -|      258|     -|       yes|      258|  3.870e+03|   9.12|          -|          -|     30 (~0%)|    170 (~0%)|    -|
|     o VITIS_LOOP_116_1_VITIS_LOOP_117_2                                              |     -|              -|         2|        1|   256|       yes|      256|  3.840e+03|  13.00|          -|          -|            -|            -|    -|
|    + attention_scores_backward_impl_4_64_Pipeline_VITIS_LOOP_169_1                   |     -|              -|         -|       19|     -|       yes|       19|    285.000|   3.90|          -|          -|     25 (~0%)|    133 (~0%)|    -|
|     o VITIS_LOOP_169_1                                                               |     -|              -|         3|        1|    16|       yes|       17|    255.000|  13.00|          -|          -|            -|            -|    -|
|    + attention_scores_backward_impl_Pipeline_VITIS_LOOP_116_1_VITIS_LOOP_117_24      |     -|              -|         -|      258|     -|       yes|      258|  3.870e+03|   9.12|          -|          -|     30 (~0%)|    178 (~0%)|    -|
|     o VITIS_LOOP_116_1_VITIS_LOOP_117_2                                              |     -|              -|         2|        1|   256|       yes|      256|  3.840e+03|  13.00|          -|          -|            -|            -|    -|
|    o VITIS_LOOP_22_1                                                                 |     -|              -|        92|        -|     4|        no|      368|  5.520e+03|  13.00|          -|          -|            -|            -|    -|
|     + attention_scores_backward_impl_4_64_Pipeline_VITIS_LOOP_25_2                   |     -|              -|         -|       12|     -|       yes|       12|    180.000|  10.55|          -|          -|    411 (~0%)|    248 (~0%)|    -|
|      o VITIS_LOOP_25_2                                                               |     -|              -|         8|        1|     4|       yes|       10|    150.000|  13.00|          -|          -|            -|            -|    -|
|     + attention_scores_backward_impl_4_64_Pipeline_VITIS_LOOP_27_3                   |     -|              -|         -|       76|     -|       yes|       76|  1.140e+03|   0.35|          -|    6 (~0%)|    996 (~0%)|    696 (~0%)|    -|
|      o VITIS_LOOP_27_3                                                               |     -|              -|        12|        1|    64|       yes|       74|  1.110e+03|  13.00|          -|          -|            -|            -|    -|
|    o VITIS_LOOP_47_1                                                                 |     -|              -|        25|        -|    64|        no|     1600|  2.400e+04|  13.00|          -|          -|            -|            -|    -|
|     + attention_scores_backward_impl_4_64_Pipeline_VITIS_LOOP_50_2                   |     -|              -|         -|        6|     -|       yes|        6|     90.000|  11.34|          -|          -|    136 (~0%)|     60 (~0%)|    -|
|      o VITIS_LOOP_50_2                                                               |     -|              -|         2|        1|     4|       yes|        4|     60.000|  13.00|          -|          -|            -|            -|    -|
|     + attention_scores_backward_impl_4_64_Pipeline_VITIS_LOOP_52_3                   |     -|              -|         -|       15|     -|       yes|       15|    225.000|   0.35|          -|          -|    541 (~0%)|    383 (~0%)|    -|
|      o VITIS_LOOP_52_3                                                               |     -|              -|        11|        1|     4|       yes|       13|    195.000|  13.00|          -|          -|            -|            -|    -|
|   + multi_head_lora_backward_impl_Pipeline_VITIS_LOOP_688_4_VITIS_LOOP_689_5         |     -|              -|         -|      258|     -|       yes|      258|  3.870e+03|   9.12|          -|          -|     32 (~0%)|    185 (~0%)|    -|
|    o VITIS_LOOP_688_4_VITIS_LOOP_689_5                                               |     -|              -|         2|        1|   256|       yes|      256|  3.840e+03|  13.00|          -|          -|            -|            -|    -|
|   o VITIS_LOOP_47_1                                                                  |     -|              -|        94|        -|     4|        no|      376|  5.640e+03|  13.00|          -|          -|            -|            -|    -|
|    + multi_head_lora_backward_impl_4_256_4_4_Pipeline_VITIS_LOOP_50_2                |     -|              -|         -|       14|     -|       yes|       14|    210.000|   0.00|          -|          -|    347 (~0%)|    221 (~0%)|    -|
|     o VITIS_LOOP_50_2                                                                |     -|              -|        10|        1|     4|       yes|       12|    180.000|  13.00|          -|          -|            -|            -|    -|
|    + multi_head_lora_backward_impl_4_256_4_4_Pipeline_VITIS_LOOP_52_3                |     -|              -|         -|       76|     -|       yes|       76|  1.140e+03|   0.35|          -|          -|    559 (~0%)|    713 (~0%)|    -|
|     o VITIS_LOOP_52_3                                                                |     -|              -|        12|        1|    64|       yes|       74|  1.110e+03|  13.00|          -|          -|            -|            -|    -|
|   o VITIS_LOOP_138_1                                                                 |     -|              -|        38|        -|     4|        no|      152|  2.280e+03|  13.00|          -|          -|            -|            -|    -|
|    + multi_head_lora_backward_impl_4_256_4_4_Pipeline_VITIS_LOOP_139_2               |     -|              -|         -|        7|     -|       yes|        7|    105.000|   0.00|          -|          -|    303 (~0%)|    155 (~0%)|    -|
|     o VITIS_LOOP_139_2                                                               |     -|              -|         3|        1|     4|       yes|        5|     75.000|  13.00|          -|          -|            -|            -|    -|
|    + multi_head_lora_backward_impl_4_256_4_4_Pipeline_VITIS_LOOP_119_2               |     -|              -|         -|        9|     -|       yes|        9|    135.000|   0.35|          -|          -|    335 (~0%)|    200 (~0%)|    -|
|     o VITIS_LOOP_119_2                                                               |     -|              -|         5|        1|     4|       yes|        7|    105.000|  13.00|          -|          -|            -|            -|    -|
|    + multi_head_lora_backward_impl_4_256_4_4_Pipeline_VITIS_LOOP_147_3               |     -|              -|         -|        6|     -|       yes|        6|     90.000|  11.10|          -|          -|      5 (~0%)|     81 (~0%)|    -|
|     o VITIS_LOOP_147_3                                                               |     -|              -|         1|        1|     4|       yes|        4|     60.000|  13.00|          -|          -|            -|            -|    -|
| + transformer_block_lora_backward_Pipeline_VITIS_LOOP_808_2                          |     -|              -|         -|     1029|     -|       yes|     1029|  1.544e+04|   0.00|          -|          -|    116 (~0%)|     86 (~0%)|    -|
|  o VITIS_LOOP_808_2                                                                  |     -|              -|         5|        1|  1024|       yes|     1027|  1.540e+04|  13.00|          -|          -|            -|            -|    -|
+--------------------------------------------------------------------------------------+------+---------------+----------+---------+------+----------+---------+-----------+-------+-----------+-----------+-------------+-------------+-----+
    Name Prefix: '+' for module, 'o' for loop, '*' for dataflow


================================================================
== HW Interfaces
================================================================
* M_AXI
+--------------+------------+------------+---------------+---------+--------+----------+-----------+--------------+--------------+-------------+-------------+-------------------+
| Interface    | Read/Write | Data Width | Address Width | Latency | Offset | Register | Max Widen | Max Read     | Max Write    | Num Read    | Num Write   | Resource Estimate |
|              |            | (SW->HW)   |               |         |        |          | Bitwidth  | Burst Length | Burst Length | Outstanding | Outstanding |                   |
+--------------+------------+------------+---------------+---------+--------+----------+-----------+--------------+--------------+-------------+-------------+-------------------+
| m_axi_gmem0  | READ_ONLY  | 32 -> 32   | 64            | 0       | slave  | 0        | 0         | 16           | 16           | 16          | 16          | BRAM=2            |
| m_axi_gmem1  | READ_ONLY  | 32 -> 32   | 64            | 0       | slave  | 0        | 0         | 16           | 16           | 16          | 16          | BRAM=2            |
| m_axi_gmem10 | READ_ONLY  | 32 -> 32   | 64            | 0       | slave  | 0        | 0         | 16           | 16           | 16          | 16          | BRAM=2            |
| m_axi_gmem11 | READ_ONLY  | 32 -> 32   | 64            | 0       | slave  | 0        | 0         | 16           | 16           | 16          | 16          | BRAM=2            |
| m_axi_gmem12 | READ_ONLY  | 32 -> 32   | 64            | 0       | slave  | 0        | 0         | 16           | 16           | 16          | 16          | BRAM=2            |
| m_axi_gmem13 | READ_ONLY  | 32 -> 32   | 64            | 0       | slave  | 0        | 0         | 16           | 16           | 16          | 16          | BRAM=2            |
| m_axi_gmem14 | READ_ONLY  | 32 -> 32   | 64            | 0       | slave  | 0        | 0         | 16           | 16           | 16          | 16          | BRAM=2            |
| m_axi_gmem15 | READ_ONLY  | 32 -> 32   | 64            | 0       | slave  | 0        | 0         | 16           | 16           | 16          | 16          | BRAM=2            |
| m_axi_gmem16 | READ_ONLY  | 32 -> 32   | 64            | 0       | slave  | 0        | 0         | 16           | 16           | 16          | 16          | BRAM=2            |
| m_axi_gmem17 | READ_ONLY  | 32 -> 32   | 64            | 0       | slave  | 0        | 0         | 16           | 16           | 16          | 16          | BRAM=2            |
| m_axi_gmem18 | READ_ONLY  | 32 -> 32   | 64            | 0       | slave  | 0        | 0         | 16           | 16           | 16          | 16          | BRAM=2            |
| m_axi_gmem19 | READ_ONLY  | 32 -> 32   | 64            | 0       | slave  | 0        | 0         | 16           | 16           | 16          | 16          | BRAM=2            |
| m_axi_gmem2  | READ_ONLY  | 32 -> 32   | 64            | 0       | slave  | 0        | 0         | 16           | 16           | 16          | 16          | BRAM=2            |
| m_axi_gmem20 | WRITE_ONLY | 32 -> 32   | 64            | 0       | slave  | 0        | 0         | 16           | 16           | 16          | 16          |                   |
| m_axi_gmem21 | WRITE_ONLY | 32 -> 32   | 64            | 0       | slave  | 0        | 0         | 16           | 16           | 16          | 16          |                   |
| m_axi_gmem22 | WRITE_ONLY | 32 -> 32   | 64            | 0       | slave  | 0        | 0         | 16           | 16           | 16          | 16          |                   |
| m_axi_gmem23 | WRITE_ONLY | 32 -> 32   | 64            | 0       | slave  | 0        | 0         | 16           | 16           | 16          | 16          |                   |
| m_axi_gmem24 | WRITE_ONLY | 32 -> 32   | 64            | 0       | slave  | 0        | 0         | 16           | 16           | 16          | 16          |                   |
| m_axi_gmem3  | READ_ONLY  | 32 -> 32   | 64            | 0       | slave  | 0        | 0         | 16           | 16           | 16          | 16          | BRAM=2            |
| m_axi_gmem4  | READ_ONLY  | 32 -> 32   | 64            | 0       | slave  | 0        | 0         | 16           | 16           | 16          | 16          | BRAM=2            |
| m_axi_gmem5  | READ_ONLY  | 32 -> 32   | 64            | 0       | slave  | 0        | 0         | 16           | 16           | 16          | 16          | BRAM=2            |
| m_axi_gmem6  | READ_ONLY  | 32 -> 32   | 64            | 0       | slave  | 0        | 0         | 16           | 16           | 16          | 16          | BRAM=2            |
| m_axi_gmem7  | READ_ONLY  | 32 -> 32   | 64            | 0       | slave  | 0        | 0         | 16           | 16           | 16          | 16          | BRAM=2            |
| m_axi_gmem8  | READ_ONLY  | 32 -> 32   | 64            | 0       | slave  | 0        | 0         | 16           | 16           | 16          | 16          | BRAM=2            |
| m_axi_gmem9  | READ_ONLY  | 32 -> 32   | 64            | 0       | slave  | 0        | 0         | 16           | 16           | 16          | 16          | BRAM=2            |
+--------------+------------+------------+---------------+---------+--------+----------+-----------+--------------+--------------+-------------+-------------+-------------------+

* S_AXILITE Interfaces
+---------------+------------+---------------+--------+----------+
| Interface     | Data Width | Address Width | Offset | Register |
+---------------+------------+---------------+--------+----------+
| s_axi_control | 32         | 9             | 16     | 0        |
+---------------+------------+---------------+--------+----------+

* S_AXILITE Registers
+---------------+----------------+--------+-------+--------+----------------------------------+----------------------------------------------------------------------+
| Interface     | Register       | Offset | Width | Access | Description                      | Bit Fields                                                           |
+---------------+----------------+--------+-------+--------+----------------------------------+----------------------------------------------------------------------+
| s_axi_control | CTRL           | 0x00   | 32    | RW     | Control signals                  | 0=AP_START 1=AP_DONE 2=AP_IDLE 3=AP_READY 7=AUTO_RESTART 9=INTERRUPT |
| s_axi_control | GIER           | 0x04   | 32    | RW     | Global Interrupt Enable Register | 0=Enable                                                             |
| s_axi_control | IP_IER         | 0x08   | 32    | RW     | IP Interrupt Enable Register     | 0=CHAN0_INT_EN 1=CHAN1_INT_EN                                        |
| s_axi_control | IP_ISR         | 0x0c   | 32    | RW     | IP Interrupt Status Register     | 0=CHAN0_INT_ST 1=CHAN1_INT_ST                                        |
| s_axi_control | X_1            | 0x10   | 32    | W      | Data signal of X                 |                                                                      |
| s_axi_control | X_2            | 0x14   | 32    | W      | Data signal of X                 |                                                                      |
| s_axi_control | WQ_1           | 0x1c   | 32    | W      | Data signal of WQ                |                                                                      |
| s_axi_control | WQ_2           | 0x20   | 32    | W      | Data signal of WQ                |                                                                      |
| s_axi_control | WK_1           | 0x28   | 32    | W      | Data signal of WK                |                                                                      |
| s_axi_control | WK_2           | 0x2c   | 32    | W      | Data signal of WK                |                                                                      |
| s_axi_control | WV_1           | 0x34   | 32    | W      | Data signal of WV                |                                                                      |
| s_axi_control | WV_2           | 0x38   | 32    | W      | Data signal of WV                |                                                                      |
| s_axi_control | WO_1           | 0x40   | 32    | W      | Data signal of WO                |                                                                      |
| s_axi_control | WO_2           | 0x44   | 32    | W      | Data signal of WO                |                                                                      |
| s_axi_control | lora_AQ_1      | 0x4c   | 32    | W      | Data signal of lora_AQ           |                                                                      |
| s_axi_control | lora_AQ_2      | 0x50   | 32    | W      | Data signal of lora_AQ           |                                                                      |
| s_axi_control | lora_BQ_1      | 0x58   | 32    | W      | Data signal of lora_BQ           |                                                                      |
| s_axi_control | lora_BQ_2      | 0x5c   | 32    | W      | Data signal of lora_BQ           |                                                                      |
| s_axi_control | lora_AV_1      | 0x64   | 32    | W      | Data signal of lora_AV           |                                                                      |
| s_axi_control | lora_AV_2      | 0x68   | 32    | W      | Data signal of lora_AV           |                                                                      |
| s_axi_control | lora_BV_1      | 0x70   | 32    | W      | Data signal of lora_BV           |                                                                      |
| s_axi_control | lora_BV_2      | 0x74   | 32    | W      | Data signal of lora_BV           |                                                                      |
| s_axi_control | lora_alpha     | 0x7c   | 32    | W      | Data signal of lora_alpha        |                                                                      |
| s_axi_control | W1_1           | 0x84   | 32    | W      | Data signal of W1                |                                                                      |
| s_axi_control | W1_2           | 0x88   | 32    | W      | Data signal of W1                |                                                                      |
| s_axi_control | W2_1           | 0x90   | 32    | W      | Data signal of W2                |                                                                      |
| s_axi_control | W2_2           | 0x94   | 32    | W      | Data signal of W2                |                                                                      |
| s_axi_control | layer1_cache_1 | 0x9c   | 32    | W      | Data signal of layer1_cache      |                                                                      |
| s_axi_control | layer1_cache_2 | 0xa0   | 32    | W      | Data signal of layer1_cache      |                                                                      |
| s_axi_control | Q_cache_1      | 0xa8   | 32    | W      | Data signal of Q_cache           |                                                                      |
| s_axi_control | Q_cache_2      | 0xac   | 32    | W      | Data signal of Q_cache           |                                                                      |
| s_axi_control | K_cache_1      | 0xb4   | 32    | W      | Data signal of K_cache           |                                                                      |
| s_axi_control | K_cache_2      | 0xb8   | 32    | W      | Data signal of K_cache           |                                                                      |
| s_axi_control | V_cache_1      | 0xc0   | 32    | W      | Data signal of V_cache           |                                                                      |
| s_axi_control | V_cache_2      | 0xc4   | 32    | W      | Data signal of V_cache           |                                                                      |
| s_axi_control | probs_cache_1  | 0xcc   | 32    | W      | Data signal of probs_cache       |                                                                      |
| s_axi_control | probs_cache_2  | 0xd0   | 32    | W      | Data signal of probs_cache       |                                                                      |
| s_axi_control | layer3_cache_1 | 0xd8   | 32    | W      | Data signal of layer3_cache      |                                                                      |
| s_axi_control | layer3_cache_2 | 0xdc   | 32    | W      | Data signal of layer3_cache      |                                                                      |
| s_axi_control | layer4_cache_1 | 0xe4   | 32    | W      | Data signal of layer4_cache      |                                                                      |
| s_axi_control | layer4_cache_2 | 0xe8   | 32    | W      | Data signal of layer4_cache      |                                                                      |
| s_axi_control | inner_cache_1  | 0xf0   | 32    | W      | Data signal of inner_cache       |                                                                      |
| s_axi_control | inner_cache_2  | 0xf4   | 32    | W      | Data signal of inner_cache       |                                                                      |
| s_axi_control | dOut_1         | 0xfc   | 32    | W      | Data signal of dOut              |                                                                      |
| s_axi_control | dOut_2         | 0x100  | 32    | W      | Data signal of dOut              |                                                                      |
| s_axi_control | dX_1           | 0x108  | 32    | W      | Data signal of dX                |                                                                      |
| s_axi_control | dX_2           | 0x10c  | 32    | W      | Data signal of dX                |                                                                      |
| s_axi_control | dAQ_1          | 0x114  | 32    | W      | Data signal of dAQ               |                                                                      |
| s_axi_control | dAQ_2          | 0x118  | 32    | W      | Data signal of dAQ               |                                                                      |
| s_axi_control | dBQ_1          | 0x120  | 32    | W      | Data signal of dBQ               |                                                                      |
| s_axi_control | dBQ_2          | 0x124  | 32    | W      | Data signal of dBQ               |                                                                      |
| s_axi_control | dAV_1          | 0x12c  | 32    | W      | Data signal of dAV               |                                                                      |
| s_axi_control | dAV_2          | 0x130  | 32    | W      | Data signal of dAV               |                                                                      |
| s_axi_control | dBV_1          | 0x138  | 32    | W      | Data signal of dBV               |                                                                      |
| s_axi_control | dBV_2          | 0x13c  | 32    | W      | Data signal of dBV               |                                                                      |
+---------------+----------------+--------+-------+--------+----------------------------------+----------------------------------------------------------------------+

* TOP LEVEL CONTROL
+-----------+------------+-----------+
| Interface | Type       | Ports     |
+-----------+------------+-----------+
| ap_clk    | clock      | ap_clk    |
| ap_rst_n  | reset      | ap_rst_n  |
| interrupt | interrupt  | interrupt |
| ap_ctrl   | ap_ctrl_hs |           |
+-----------+------------+-----------+


================================================================
== SW I/O Information
================================================================
* Top Function Arguments
+--------------+-----------+---------------+
| Argument     | Direction | Datatype      |
+--------------+-----------+---------------+
| X            | in        | float const * |
| WQ           | in        | float const * |
| WK           | in        | float const * |
| WV           | in        | float const * |
| WO           | in        | float const * |
| lora_AQ      | in        | float const * |
| lora_BQ      | in        | float const * |
| lora_AV      | in        | float const * |
| lora_BV      | in        | float const * |
| lora_alpha   | in        | float         |
| W1           | in        | float const * |
| W2           | in        | float const * |
| layer1_cache | in        | float const * |
| Q_cache      | in        | float const * |
| K_cache      | in        | float const * |
| V_cache      | in        | float const * |
| probs_cache  | in        | float const * |
| layer3_cache | in        | float const * |
| layer4_cache | in        | float const * |
| inner_cache  | in        | float const * |
| dOut         | in        | float const * |
| dX           | out       | float*        |
| dAQ          | out       | float*        |
| dBQ          | out       | float*        |
| dAV          | out       | float*        |
| dBV          | out       | float*        |
+--------------+-----------+---------------+

* SW-to-HW Mapping
+--------------+---------------+-----------+----------+------------------------------------------+
| Argument     | HW Interface  | HW Type   | HW Usage | HW Info                                  |
+--------------+---------------+-----------+----------+------------------------------------------+
| X            | m_axi_gmem0   | interface |          | channel=0                                |
| X            | s_axi_control | register  | offset   | name=X_1 offset=0x10 range=32            |
| X            | s_axi_control | register  | offset   | name=X_2 offset=0x14 range=32            |
| WQ           | m_axi_gmem1   | interface |          | channel=0                                |
| WQ           | s_axi_control | register  | offset   | name=WQ_1 offset=0x1c range=32           |
| WQ           | s_axi_control | register  | offset   | name=WQ_2 offset=0x20 range=32           |
| WK           | m_axi_gmem2   | interface |          | channel=0                                |
| WK           | s_axi_control | register  | offset   | name=WK_1 offset=0x28 range=32           |
| WK           | s_axi_control | register  | offset   | name=WK_2 offset=0x2c range=32           |
| WV           | m_axi_gmem3   | interface |          | channel=0                                |
| WV           | s_axi_control | register  | offset   | name=WV_1 offset=0x34 range=32           |
| WV           | s_axi_control | register  | offset   | name=WV_2 offset=0x38 range=32           |
| WO           | m_axi_gmem4   | interface |          | channel=0                                |
| WO           | s_axi_control | register  | offset   | name=WO_1 offset=0x40 range=32           |
| WO           | s_axi_control | register  | offset   | name=WO_2 offset=0x44 range=32           |
| lora_AQ      | m_axi_gmem5   | interface |          | channel=0                                |
| lora_AQ      | s_axi_control | register  | offset   | name=lora_AQ_1 offset=0x4c range=32      |
| lora_AQ      | s_axi_control | register  | offset   | name=lora_AQ_2 offset=0x50 range=32      |
| lora_BQ      | m_axi_gmem6   | interface |          | channel=0                                |
| lora_BQ      | s_axi_control | register  | offset   | name=lora_BQ_1 offset=0x58 range=32      |
| lora_BQ      | s_axi_control | register  | offset   | name=lora_BQ_2 offset=0x5c range=32      |
| lora_AV      | m_axi_gmem7   | interface |          | channel=0                                |
| lora_AV      | s_axi_control | register  | offset   | name=lora_AV_1 offset=0x64 range=32      |
| lora_AV      | s_axi_control | register  | offset   | name=lora_AV_2 offset=0x68 range=32      |
| lora_BV      | m_axi_gmem8   | interface |          | channel=0                                |
| lora_BV      | s_axi_control | register  | offset   | name=lora_BV_1 offset=0x70 range=32      |
| lora_BV      | s_axi_control | register  | offset   | name=lora_BV_2 offset=0x74 range=32      |
| lora_alpha   | s_axi_control | register  |          | name=lora_alpha offset=0x7c range=32     |
| W1           | m_axi_gmem9   | interface |          | channel=0                                |
| W1           | s_axi_control | register  | offset   | name=W1_1 offset=0x84 range=32           |
| W1           | s_axi_control | register  | offset   | name=W1_2 offset=0x88 range=32           |
| W2           | m_axi_gmem10  | interface |          | channel=0                                |
| W2           | s_axi_control | register  | offset   | name=W2_1 offset=0x90 range=32           |
| W2           | s_axi_control | register  | offset   | name=W2_2 offset=0x94 range=32           |
| layer1_cache | m_axi_gmem11  | interface |          | channel=0                                |
| layer1_cache | s_axi_control | register  | offset   | name=layer1_cache_1 offset=0x9c range=32 |
| layer1_cache | s_axi_control | register  | offset   | name=layer1_cache_2 offset=0xa0 range=32 |
| Q_cache      | m_axi_gmem12  | interface |          | channel=0                                |
| Q_cache      | s_axi_control | register  | offset   | name=Q_cache_1 offset=0xa8 range=32      |
| Q_cache      | s_axi_control | register  | offset   | name=Q_cache_2 offset=0xac range=32      |
| K_cache      | m_axi_gmem13  | interface |          | channel=0                                |
| K_cache      | s_axi_control | register  | offset   | name=K_cache_1 offset=0xb4 range=32      |
| K_cache      | s_axi_control | register  | offset   | name=K_cache_2 offset=0xb8 range=32      |
| V_cache      | m_axi_gmem14  | interface |          | channel=0                                |
| V_cache      | s_axi_control | register  | offset   | name=V_cache_1 offset=0xc0 range=32      |
| V_cache      | s_axi_control | register  | offset   | name=V_cache_2 offset=0xc4 range=32      |
| probs_cache  | m_axi_gmem15  | interface |          | channel=0                                |
| probs_cache  | s_axi_control | register  | offset   | name=probs_cache_1 offset=0xcc range=32  |
| probs_cache  | s_axi_control | register  | offset   | name=probs_cache_2 offset=0xd0 range=32  |
| layer3_cache | m_axi_gmem16  | interface |          | channel=0                                |
| layer3_cache | s_axi_control | register  | offset   | name=layer3_cache_1 offset=0xd8 range=32 |
| layer3_cache | s_axi_control | register  | offset   | name=layer3_cache_2 offset=0xdc range=32 |
| layer4_cache | m_axi_gmem17  | interface |          | channel=0                                |
| layer4_cache | s_axi_control | register  | offset   | name=layer4_cache_1 offset=0xe4 range=32 |
| layer4_cache | s_axi_control | register  | offset   | name=layer4_cache_2 offset=0xe8 range=32 |
| inner_cache  | m_axi_gmem18  | interface |          | channel=0                                |
| inner_cache  | s_axi_control | register  | offset   | name=inner_cache_1 offset=0xf0 range=32  |
| inner_cache  | s_axi_control | register  | offset   | name=inner_cache_2 offset=0xf4 range=32  |
| dOut         | m_axi_gmem19  | interface |          | channel=0                                |
| dOut         | s_axi_control | register  | offset   | name=dOut_1 offset=0xfc range=32         |
| dOut         | s_axi_control | register  | offset   | name=dOut_2 offset=0x100 range=32        |
| dX           | m_axi_gmem20  | interface |          | channel=0                                |
| dX           | s_axi_control | register  | offset   | name=dX_1 offset=0x108 range=32          |
| dX           | s_axi_control | register  | offset   | name=dX_2 offset=0x10c range=32          |
| dAQ          | m_axi_gmem21  | interface |          | channel=0                                |
| dAQ          | s_axi_control | register  | offset   | name=dAQ_1 offset=0x114 range=32         |
| dAQ          | s_axi_control | register  | offset   | name=dAQ_2 offset=0x118 range=32         |
| dBQ          | m_axi_gmem22  | interface |          | channel=0                                |
| dBQ          | s_axi_control | register  | offset   | name=dBQ_1 offset=0x120 range=32         |
| dBQ          | s_axi_control | register  | offset   | name=dBQ_2 offset=0x124 range=32         |
| dAV          | m_axi_gmem23  | interface |          | channel=0                                |
| dAV          | s_axi_control | register  | offset   | name=dAV_1 offset=0x12c range=32         |
| dAV          | s_axi_control | register  | offset   | name=dAV_2 offset=0x130 range=32         |
| dBV          | m_axi_gmem24  | interface |          | channel=0                                |
| dBV          | s_axi_control | register  | offset   | name=dBV_1 offset=0x138 range=32         |
| dBV          | s_axi_control | register  | offset   | name=dBV_2 offset=0x13c range=32         |
+--------------+---------------+-----------+----------+------------------------------------------+


================================================================
== M_AXI Burst Information
================================================================
 Note: All burst requests might be further partitioned into multiple requests during RTL generation based on max_read_burst_length or max_write_burst_length settings.

* Inferred Burst Summary
+--------------+-----------+--------+-------+------------------+----------------------------------------------+
| HW Interface | Direction | Length | Width | Loop             | Loop Location                                |
+--------------+-----------+--------+-------+------------------+----------------------------------------------+
| m_axi_gmem10 | read      | 131072 | 32    | VITIS_LOOP_27_3  | ../transformer/cct_modules_backward.h:27:26  |
| m_axi_gmem11 | read      | 256    | 32    | VITIS_LOOP_91_3  | ../transformer/cct_modules.h:91:30           |
| m_axi_gmem12 | read      | 64     | 32    | VITIS_LOOP_661_3 | ../transformer/cct_modules_backward.h:661:31 |
| m_axi_gmem13 | read      | 64     | 32    | VITIS_LOOP_661_3 | ../transformer/cct_modules_backward.h:661:31 |
| m_axi_gmem14 | read      | 64     | 32    | VITIS_LOOP_661_3 | ../transformer/cct_modules_backward.h:661:31 |
| m_axi_gmem15 | read      | 16     | 32    | VITIS_LOOP_138_1 | ../transformer/cct_modules_backward.h:138:23 |
| m_axi_gmem16 | read      | 256    | 32    | VITIS_LOOP_76_2  | ../transformer/cct_modules_backward.h:76:26  |
| m_axi_gmem16 | read      | 256    | 32    | VITIS_LOOP_83_3  | ../transformer/cct_modules_backward.h:83:26  |
| m_axi_gmem17 | read      | 256    | 32    | VITIS_LOOP_93_4  | ../transformer/cct_modules_backward.h:93:26  |
| m_axi_gmem17 | read      | 256    | 32    | VITIS_LOOP_102_5 | ../transformer/cct_modules_backward.h:102:27 |
| m_axi_gmem18 | read      | 2048   | 32    | VITIS_LOOP_201_1 | ../transformer/cct_modules_backward.h:201:23 |
| m_axi_gmem19 | read      | 1024   | 32    | VITIS_LOOP_22_1  | ../transformer/cct_modules_backward.h:22:22  |
| m_axi_gmem19 | read      | 1024   | 32    | VITIS_LOOP_791_1 | ../transformer/cct_modules_backward.h:791:23 |
| m_axi_gmem20 | write     | 1024   | 32    | VITIS_LOOP_808_2 | ../transformer/cct_modules_backward.h:808:23 |
| m_axi_gmem21 | write     | 1024   | 32    | VITIS_LOOP_47_1  | ../transformer/cct_modules_backward.h:47:22  |
| m_axi_gmem22 | write     | 1024   | 32    | VITIS_LOOP_47_1  | ../transformer/cct_modules_backward.h:47:22  |
| m_axi_gmem4  | read      | 65536  | 32    | VITIS_LOOP_27_3  | ../transformer/cct_modules_backward.h:27:26  |
| m_axi_gmem5  | read      | 1024   | 32    | VITIS_LOOP_27_3  | ../transformer/cct_modules_backward.h:27:26  |
| m_axi_gmem6  | read      | 1024   | 32    | VITIS_LOOP_27_3  | ../transformer/cct_modules_backward.h:27:26  |
| m_axi_gmem9  | read      | 131072 | 32    | VITIS_LOOP_27_3  | ../transformer/cct_modules_backward.h:27:26  |
+--------------+-----------+--------+-------+------------------+----------------------------------------------+

* All M_AXI Variable Accesses
+-------------------------------+-------------+----------------------------------------------+-----------+--------------+--------+------------------+----------------------------------------------+------------+---------------------------------------------------------------------------------------------------------+
| HW Interface                  | Variable    | Access Location                              | Direction | Burst Status | Length | Loop             | Loop Location                                | Resolution | Problem                                                                                                 |
+-------------------------------+-------------+----------------------------------------------+-----------+--------------+--------+------------------+----------------------------------------------+------------+---------------------------------------------------------------------------------------------------------+
| m_axi_gmem10                  | in2         | ../transformer/cct_modules_backward.h:35:43  | read      | Widen Fail   |        | VITIS_LOOP_32_5  | ../transformer/cct_modules_backward.h:32:30  | 214-353    | Could not widen since type float size is greater than or equal to the max_widen_bitwidth threshold of 0 |
| m_axi_gmem10                  | in2         | ../transformer/cct_modules_backward.h:35:43  | read      | Fail         |        | VITIS_LOOP_22_1  | ../transformer/cct_modules_backward.h:22:22  | 214-229    | Could not analyze pattern                                                                               |
| m_axi_gmem10                  | in2         | ../transformer/cct_modules_backward.h:35:43  | read      | Inferred     | 131072 | VITIS_LOOP_27_3  | ../transformer/cct_modules_backward.h:27:26  |            |                                                                                                         |
| m_axi_gmem11                  | X           | ../transformer/cct_modules.h:96:21           | read      | Inferred     | 256    | VITIS_LOOP_91_3  | ../transformer/cct_modules.h:91:30           |            |                                                                                                         |
| m_axi_gmem11                  | X           | ../transformer/cct_modules_backward.h:50:61  | read      | Fail         |        | VITIS_LOOP_50_2  | ../transformer/cct_modules_backward.h:50:26  | 214-230    | Stride is incompatible                                                                                  |
| m_axi_gmem11                  | X           | ../transformer/cct_modules_backward.h:78:20  | read      | Widen Fail   |        | VITIS_LOOP_91_3  | ../transformer/cct_modules.h:91:30           | 214-353    | Could not widen since type float size is greater than or equal to the max_widen_bitwidth threshold of 0 |
| m_axi_gmem11                  | X           | ../transformer/cct_modules_backward.h:78:20  | read      | Fail         |        | VITIS_LOOP_86_2  | ../transformer/cct_modules.h:86:26           | 214-230    | Stride is incompatible                                                                                  |
| m_axi_gmem12                  | Q_cache     | ../transformer/cct_modules_backward.h:78:20  | read      | Widen Fail   |        | VITIS_LOOP_661_3 | ../transformer/cct_modules_backward.h:661:31 | 214-353    | Could not widen since type float size is greater than or equal to the max_widen_bitwidth threshold of 0 |
| m_axi_gmem12                  | Q_cache     | ../transformer/cct_modules_backward.h:78:20  | read      | Fail         |        | VITIS_LOOP_660_2 | ../transformer/cct_modules_backward.h:660:27 | 214-230    | Stride is incompatible                                                                                  |
| m_axi_gmem12                  | Q_cache     | ../transformer/cct_modules_backward.h:665:29 | read      | Inferred     | 64     | VITIS_LOOP_661_3 | ../transformer/cct_modules_backward.h:661:31 |            |                                                                                                         |
| m_axi_gmem13                  | K_cache     | ../transformer/cct_modules_backward.h:666:29 | read      | Widen Fail   |        | VITIS_LOOP_661_3 | ../transformer/cct_modules_backward.h:661:31 | 214-353    | Could not widen since type float size is greater than or equal to the max_widen_bitwidth threshold of 0 |
| m_axi_gmem13                  | K_cache     | ../transformer/cct_modules_backward.h:666:29 | read      | Fail         |        | VITIS_LOOP_660_2 | ../transformer/cct_modules_backward.h:660:27 | 214-230    | Stride is incompatible                                                                                  |
| m_axi_gmem13                  | K_cache     | ../transformer/cct_modules_backward.h:666:29 | read      | Inferred     | 64     | VITIS_LOOP_661_3 | ../transformer/cct_modules_backward.h:661:31 |            |                                                                                                         |
| m_axi_gmem14                  | V_cache     | ../transformer/cct_modules_backward.h:25:61  | read      | Inferred     | 64     | VITIS_LOOP_661_3 | ../transformer/cct_modules_backward.h:661:31 |            |                                                                                                         |
| m_axi_gmem14                  | V_cache     | ../transformer/cct_modules_backward.h:667:29 | read      | Widen Fail   |        | VITIS_LOOP_661_3 | ../transformer/cct_modules_backward.h:661:31 | 214-353    | Could not widen since type float size is greater than or equal to the max_widen_bitwidth threshold of 0 |
| m_axi_gmem14                  | V_cache     | ../transformer/cct_modules_backward.h:667:29 | read      | Fail         |        | VITIS_LOOP_660_2 | ../transformer/cct_modules_backward.h:660:27 | 214-230    | Stride is incompatible                                                                                  |
| m_axi_gmem15                  | probs_cache | ../transformer/cct_modules_backward.h:50:61  | read      | Fail         |        | VITIS_LOOP_50_2  | ../transformer/cct_modules_backward.h:50:26  | 214-230    | Stride is incompatible                                                                                  |
| m_axi_gmem15                  | probs_cache | ../transformer/cct_modules_backward.h:141:27 | read      | Widen Fail   |        | VITIS_LOOP_139_2 | ../transformer/cct_modules_backward.h:139:27 | 214-353    | Could not widen since type float size is greater than or equal to the max_widen_bitwidth threshold of 0 |
| m_axi_gmem15                  | probs_cache | ../transformer/cct_modules_backward.h:141:27 | read      | Fail         |        |                  |                                              | 214-231    | Access is clobbered by a                                                                                |
| m_axi_gmem15                  | probs_cache | ../transformer/cct_modules_backward.h:141:27 | read      | Inferred     | 16     | VITIS_LOOP_138_1 | ../transformer/cct_modules_backward.h:138:23 |            |                                                                                                         |
| m_axi_gmem16,gmem0            | in          | ../transformer/cct_modules_backward.h:78:20  | read      | Widen Fail   |        | VITIS_LOOP_76_2  | ../transformer/cct_modules_backward.h:76:26  | 214-353    | Could not widen since type float size is greater than or equal to the max_widen_bitwidth threshold of 0 |
| m_axi_gmem16,gmem0            | in          | ../transformer/cct_modules_backward.h:78:20  | read      | Fail         |        |                  |                                              | 214-231    | Access is clobbered by load                                                                             |
| m_axi_gmem16,gmem0            | in          | ../transformer/cct_modules_backward.h:78:20  | read      | Inferred     | 256    | VITIS_LOOP_76_2  | ../transformer/cct_modules_backward.h:76:26  |            |                                                                                                         |
| m_axi_gmem16,gmem0            | in          | ../transformer/cct_modules_backward.h:85:26  | read      | Widen Fail   |        | VITIS_LOOP_83_3  | ../transformer/cct_modules_backward.h:83:26  | 214-353    | Could not widen since type float size is greater than or equal to the max_widen_bitwidth threshold of 0 |
| m_axi_gmem16,gmem0            | in          | ../transformer/cct_modules_backward.h:85:26  | read      | Fail         |        |                  |                                              | 214-231    | Access is clobbered by load                                                                             |
| m_axi_gmem16,gmem0            | in          | ../transformer/cct_modules_backward.h:85:26  | read      | Inferred     | 256    | VITIS_LOOP_83_3  | ../transformer/cct_modules_backward.h:83:26  |            |                                                                                                         |
| m_axi_gmem17,gmem11           | out         | ../transformer/cct_modules_backward.h:97:38  | read      | Widen Fail   |        | VITIS_LOOP_93_4  | ../transformer/cct_modules_backward.h:93:26  | 214-353    | Could not widen since type float size is greater than or equal to the max_widen_bitwidth threshold of 0 |
| m_axi_gmem17,gmem11           | out         | ../transformer/cct_modules_backward.h:97:38  | read      | Fail         |        |                  |                                              | 214-231    | Access is clobbered by load                                                                             |
| m_axi_gmem17,gmem11           | out         | ../transformer/cct_modules_backward.h:97:38  | read      | Inferred     | 256    | VITIS_LOOP_93_4  | ../transformer/cct_modules_backward.h:93:26  |            |                                                                                                         |
| m_axi_gmem17,gmem11           | out         | ../transformer/cct_modules_backward.h:105:47 | read      | Widen Fail   |        | VITIS_LOOP_102_5 | ../transformer/cct_modules_backward.h:102:27 | 214-353    | Could not widen since type float size is greater than or equal to the max_widen_bitwidth threshold of 0 |
| m_axi_gmem17,gmem11           | out         | ../transformer/cct_modules_backward.h:105:47 | read      | Fail         |        |                  |                                              | 214-231    | Access is clobbered by load                                                                             |
| m_axi_gmem17,gmem11           | out         | ../transformer/cct_modules_backward.h:105:47 | read      | Inferred     | 256    | VITIS_LOOP_102_5 | ../transformer/cct_modules_backward.h:102:27 |            |                                                                                                         |
| m_axi_gmem18                  | inner_cache | ../transformer/cct_modules_backward.h:203:19 | read      | Widen Fail   |        | VITIS_LOOP_201_1 | ../transformer/cct_modules_backward.h:201:23 | 214-353    | Could not widen since type float size is greater than or equal to the max_widen_bitwidth threshold of 0 |
| m_axi_gmem18                  | inner_cache | ../transformer/cct_modules_backward.h:203:19 | read      | Inferred     | 2048   | VITIS_LOOP_201_1 | ../transformer/cct_modules_backward.h:201:23 |            |                                                                                                         |
| m_axi_gmem19                  | dOut        | ../transformer/cct_modules_backward.h:25:61  | read      | Inferred     | 1024   | VITIS_LOOP_22_1  | ../transformer/cct_modules_backward.h:22:22  |            |                                                                                                         |
| m_axi_gmem19                  | dOut        | ../transformer/cct_modules_backward.h:793:22 | read      | Widen Fail   |        | VITIS_LOOP_25_2  | ../transformer/cct_modules_backward.h:25:26  | 214-353    | Could not widen since type float size is greater than or equal to the max_widen_bitwidth threshold of 0 |
| m_axi_gmem19                  | dOut        | ../transformer/cct_modules_backward.h:793:22 | read      | Widen Fail   |        | VITIS_LOOP_791_1 | ../transformer/cct_modules_backward.h:791:23 | 214-353    | Could not widen since type float size is greater than or equal to the max_widen_bitwidth threshold of 0 |
| m_axi_gmem19                  | dOut        | ../transformer/cct_modules_backward.h:793:22 | read      | Inferred     | 1024   | VITIS_LOOP_791_1 | ../transformer/cct_modules_backward.h:791:23 |            |                                                                                                         |
| m_axi_gmem20                  | dX          | ../transformer/cct_modules_backward.h:810:15 | write     | Widen Fail   |        | VITIS_LOOP_808_2 | ../transformer/cct_modules_backward.h:808:23 | 214-353    | Could not widen since type float size is greater than or equal to the max_widen_bitwidth threshold of 0 |
| m_axi_gmem20                  | dX          | ../transformer/cct_modules_backward.h:810:15 | write     | Inferred     | 1024   | VITIS_LOOP_808_2 | ../transformer/cct_modules_backward.h:808:23 |            |                                                                                                         |
| m_axi_gmem21,gmem23           | dA          | ../transformer/cct_modules_backward.h:57:29  | write     | Widen Fail   |        | VITIS_LOOP_52_3  | ../transformer/cct_modules_backward.h:52:26  | 214-353    | Could not widen since type float size is greater than or equal to the max_widen_bitwidth threshold of 0 |
| m_axi_gmem21,gmem23           | dA          | ../transformer/cct_modules_backward.h:57:29  | write     | Inferred     | 1024   | VITIS_LOOP_47_1  | ../transformer/cct_modules_backward.h:47:22  |            |                                                                                                         |
| m_axi_gmem22,gmem24           | dB          | ../transformer/cct_modules_backward.h:57:29  | write     | Widen Fail   |        | VITIS_LOOP_52_3  | ../transformer/cct_modules_backward.h:52:26  | 214-353    | Could not widen since type float size is greater than or equal to the max_widen_bitwidth threshold of 0 |
| m_axi_gmem22,gmem24           | dB          | ../transformer/cct_modules_backward.h:57:29  | write     | Inferred     | 1024   | VITIS_LOOP_47_1  | ../transformer/cct_modules_backward.h:47:22  |            |                                                                                                         |
| m_axi_gmem4,gmem2,gmem1,gmem3 | in2         | ../transformer/cct_modules_backward.h:35:43  | read      | Widen Fail   |        | VITIS_LOOP_32_5  | ../transformer/cct_modules_backward.h:32:30  | 214-353    | Could not widen since type float size is greater than or equal to the max_widen_bitwidth threshold of 0 |
| m_axi_gmem4,gmem2,gmem1,gmem3 | in2         | ../transformer/cct_modules_backward.h:35:43  | read      | Fail         |        | VITIS_LOOP_22_1  | ../transformer/cct_modules_backward.h:22:22  | 214-229    | Could not analyze pattern                                                                               |
| m_axi_gmem4,gmem2,gmem1,gmem3 | in2         | ../transformer/cct_modules_backward.h:35:43  | read      | Inferred     | 65536  | VITIS_LOOP_27_3  | ../transformer/cct_modules_backward.h:27:26  |            |                                                                                                         |
| m_axi_gmem5,gmem7             | A           | ../transformer/cct_modules.h:97:21           | read      | Fail         |        | VITIS_LOOP_91_3  | ../transformer/cct_modules.h:91:30           | 214-230    | Stride is incompatible                                                                                  |
| m_axi_gmem5,gmem7             | A           | ../transformer/cct_modules_backward.h:35:43  | read      | Widen Fail   |        | VITIS_LOOP_27_3  | ../transformer/cct_modules_backward.h:27:26  | 214-353    | Could not widen since type float size is greater than or equal to the max_widen_bitwidth threshold of 0 |
| m_axi_gmem5,gmem7             | A           | ../transformer/cct_modules_backward.h:35:43  | read      | Fail         |        | VITIS_LOOP_22_1  | ../transformer/cct_modules_backward.h:22:22  | 214-229    | Could not analyze pattern                                                                               |
| m_axi_gmem5,gmem7             | A           | ../transformer/cct_modules_backward.h:35:43  | read      | Inferred     | 1024   | VITIS_LOOP_27_3  | ../transformer/cct_modules_backward.h:27:26  |            |                                                                                                         |
| m_axi_gmem6,gmem8             | in2         | ../transformer/cct_modules_backward.h:35:43  | read      | Widen Fail   |        | VITIS_LOOP_32_5  | ../transformer/cct_modules_backward.h:32:30  | 214-353    | Could not widen since type float size is greater than or equal to the max_widen_bitwidth threshold of 0 |
| m_axi_gmem6,gmem8             | in2         | ../transformer/cct_modules_backward.h:35:43  | read      | Fail         |        | VITIS_LOOP_22_1  | ../transformer/cct_modules_backward.h:22:22  | 214-229    | Could not analyze pattern                                                                               |
| m_axi_gmem6,gmem8             | in2         | ../transformer/cct_modules_backward.h:35:43  | read      | Inferred     | 1024   | VITIS_LOOP_27_3  | ../transformer/cct_modules_backward.h:27:26  |            |                                                                                                         |
| m_axi_gmem9                   | in2         | ../transformer/cct_modules_backward.h:35:43  | read      | Widen Fail   |        | VITIS_LOOP_32_5  | ../transformer/cct_modules_backward.h:32:30  | 214-353    | Could not widen since type float size is greater than or equal to the max_widen_bitwidth threshold of 0 |
| m_axi_gmem9                   | in2         | ../transformer/cct_modules_backward.h:35:43  | read      | Fail         |        | VITIS_LOOP_22_1  | ../transformer/cct_modules_backward.h:22:22  | 214-229    | Could not analyze pattern                                                                               |
| m_axi_gmem9                   | in2         | ../transformer/cct_modules_backward.h:35:43  | read      | Inferred     | 131072 | VITIS_LOOP_27_3  | ../transformer/cct_modules_backward.h:27:26  |            |                                                                                                         |
+-------------------------------+-------------+----------------------------------------------+-----------+--------------+--------+------------------+----------------------------------------------+------------+---------------------------------------------------------------------------------------------------------+

    * Resolution URL: docs.amd.com/access/sources/dita/topic?Doc_Version=2026.1%20English&url=ug1448-hls-guidance&resourceid=XXX-YYY.html (replace XXX-YYY with column value)

================================================================
== Bind Op Report
================================================================
+--------------------------------------------------------------------------------------------------------------------------------+-----+--------+--------------+-----------+--------------------------+---------+
| Name                                                                                                                           | DSP | Pragma | Variable     | Op        | Impl                     | Latency |
+--------------------------------------------------------------------------------------------------------------------------------+-----+--------+--------------+-----------+--------------------------+---------+
| + transformer_block_lora_backward                                                                                              | 275 |        |              |           |                          |         |
|   fmul_32ns_32ns_32_2_max_dsp_1_U921                                                                                           |     |        | empty_117    | adapter   | m_axi                    | 0       |
|  + gemm_backward_dIn1_4_512_256_s                                                                                              | 0   |        |              |           |                          |         |
|    icmp_ln22_fu_306_p2                                                                                                         |     |        | icmp_ln22    | seteq     | auto                     | 0       |
|    add_ln22_fu_312_p2                                                                                                          |     |        | add_ln22     | add       | fabric                   | 0       |
|    icmp_ln27_fu_329_p2                                                                                                         |     |        | icmp_ln27    | seteq     | auto                     | 0       |
|    add_ln27_fu_335_p2                                                                                                          |     |        | add_ln27     | add       | fabric                   | 0       |
|    add_ln40_fu_345_p2                                                                                                          |     |        | add_ln40     | add       | fabric                   | 0       |
|   + gemm_backward_dIn1_4_512_256_Pipeline_VITIS_LOOP_25_2                                                                      | 0   |        |              |           |                          |         |
|     icmp_ln25_fu_213_p2                                                                                                        |     |        | icmp_ln25    | seteq     | auto                     | 0       |
|     add_ln25_fu_219_p2                                                                                                         |     |        | add_ln25     | add       | fabric                   | 0       |
|   + gemm_backward_dIn1_4_512_256_Pipeline_VITIS_LOOP_32_5                                                                      | 0   |        |              |           |                          |         |
|     add_ln32_fu_462_p2                                                                                                         |     |        | add_ln32     | add       | fabric                   | 0       |
|   + gemm_backward_dIn1_4_512_256_Pipeline_VITIS_LOOP_39_7                                                                      | 0   |        |              |           |                          |         |
|     icmp_ln39_fu_148_p2                                                                                                        |     |        | icmp_ln39    | seteq     | auto                     | 0       |
|     add_ln39_fu_154_p2                                                                                                         |     |        | add_ln39     | add       | fabric                   | 0       |
|     sparsemux_17_3_32_1_1_U32                                                                                                  |     |        | tmp          | sparsemux | compactencoding_dontcare | 0       |
|  + transformer_block_lora_backward_Pipeline_VITIS_LOOP_201_1                                                                   | 197 |        |              |           |                          |         |
|    icmp_ln201_fu_172_p2                                                                                                        |     |        | icmp_ln201   | seteq     | auto                     | 0       |
|    add_ln201_fu_178_p2                                                                                                         |     |        | add_ln201    | add       | fabric                   | 0       |
|    fdiv_32ns_32ns_32_6_no_dsp_1_U140                                                                                           |     |        | x_assign     | fdiv      | fabric                   | 5       |
|    fexp_32ns_32ns_32_4_full_dsp_1_U141                                                                                         | 7   |        | tmp_1        | fexp      | fulldsp                  | 3       |
|    fmul_32ns_32ns_32_2_max_dsp_1_U138                                                                                          | 3   |        | mul8_i_i_i   | fmul      | maxdsp                   | 1       |
|    fmul_32ns_32ns_32_2_max_dsp_1_U139                                                                                          | 3   |        | mul10_i_i_i  | fmul      | maxdsp                   | 1       |
|   + generic_erf_float_s                                                                                                        | 184 |        |              |           |                          |         |
|     icmp_ln40_fu_924_p2                                                                                                        |     |        | icmp_ln40    | setne     | auto                     | 0       |
|     icmp_ln41_fu_930_p2                                                                                                        |     |        | icmp_ln41    | seteq     | auto                     | 0       |
|     or_ln40_fu_936_p2                                                                                                          |     |        | or_ln40      | or        | auto                     | 0       |
|     icmp_ln444_fu_942_p2                                                                                                       |     |        | icmp_ln444   | setgt     | auto                     | 0       |
|     icmp_ln452_fu_948_p2                                                                                                       |     |        | icmp_ln452   | setlt     | auto                     | 0       |
|     icmp_ln475_fu_954_p2                                                                                                       |     |        | icmp_ln475   | setlt     | auto                     | 0       |
|     icmp_ln495_fu_960_p2                                                                                                       |     |        | icmp_ln495   | setgt     | auto                     | 0       |
|     fmul_32ns_32ns_32_2_max_dsp_0_U82                                                                                          | 3   |        | mul25        | fmul      | maxdsp                   | 1       |
|     fdiv_32ns_32ns_32_6_no_dsp_0_U119                                                                                          |     |        | s_2          | fdiv      | fabric                   | 5       |
|     icmp_ln500_fu_978_p2                                                                                                       |     |        | icmp_ln500   | setlt     | auto                     | 0       |
|     fmul_32ns_32ns_32_2_max_dsp_0_U97                                                                                          | 3   |        | s2_2         | fmul      | maxdsp                   | 1       |
|     fmul_32ns_32ns_32_2_max_dsp_0_U106                                                                                         | 3   |        | s4_1         | fmul      | maxdsp                   | 1       |
|     fmul_32ns_32ns_32_2_max_dsp_0_U107                                                                                         | 3   |        | s6_1         | fmul      | maxdsp                   | 1       |
|     fmul_32ns_32ns_32_2_max_dsp_0_U98                                                                                          | 3   |        | mul26        | fmul      | maxdsp                   | 1       |
|     fadd_32ns_32ns_32_2_full_dsp_0_U63                                                                                         | 2   |        | R1           | fadd      | fulldsp                  | 1       |
|     fmul_32ns_32ns_32_2_max_dsp_0_U99                                                                                          | 3   |        | mul27        | fmul      | maxdsp                   | 1       |
|     fadd_32ns_32ns_32_2_full_dsp_0_U64                                                                                         | 2   |        | S1           | fadd      | fulldsp                  | 1       |
|     fmul_32ns_32ns_32_2_max_dsp_0_U100                                                                                         | 3   |        | mul28        | fmul      | maxdsp                   | 1       |
|     fadd_32ns_32ns_32_2_full_dsp_0_U65                                                                                         | 2   |        | R2           | fadd      | fulldsp                  | 1       |
|     fmul_32ns_32ns_32_2_max_dsp_0_U101                                                                                         | 3   |        | mul29        | fmul      | maxdsp                   | 1       |
|     fadd_32ns_32ns_32_2_full_dsp_0_U66                                                                                         | 2   |        | S2           | fadd      | fulldsp                  | 1       |
|     fmul_32ns_32ns_32_2_max_dsp_0_U108                                                                                         | 3   |        | s8           | fmul      | maxdsp                   | 1       |
|     fmul_32ns_32ns_32_2_max_dsp_0_U102                                                                                         | 3   |        | mul30        | fmul      | maxdsp                   | 1       |
|     fadd_32ns_32ns_32_2_full_dsp_0_U67                                                                                         | 2   |        | R3           | fadd      | fulldsp                  | 1       |
|     fmul_32ns_32ns_32_2_max_dsp_0_U103                                                                                         | 3   |        | mul31        | fmul      | maxdsp                   | 1       |
|     fadd_32ns_32ns_32_2_full_dsp_0_U68                                                                                         | 2   |        | S3           | fadd      | fulldsp                  | 1       |
|     fmul_32ns_32ns_32_2_max_dsp_0_U104                                                                                         | 3   |        | mul32        | fmul      | maxdsp                   | 1       |
|     fadd_32ns_32ns_32_2_full_dsp_0_U69                                                                                         | 2   |        | R4           | fadd      | fulldsp                  | 1       |
|     fmul_32ns_32ns_32_2_max_dsp_0_U105                                                                                         | 3   |        | mul33        | fmul      | maxdsp                   | 1       |
|     fadd_32ns_32ns_32_2_full_dsp_0_U70                                                                                         | 2   |        | S4           | fadd      | fulldsp                  | 1       |
|     fmul_32ns_32ns_32_2_max_dsp_0_U109                                                                                         | 3   |        | mul34        | fmul      | maxdsp                   | 1       |
|     fadd_32ns_32ns_32_2_full_dsp_0_U73                                                                                         | 2   |        | add10        | fadd      | fulldsp                  | 1       |
|     fmul_32ns_32ns_32_2_max_dsp_0_U110                                                                                         | 3   |        | mul35        | fmul      | maxdsp                   | 1       |
|     fadd_32ns_32ns_32_2_full_dsp_0_U75                                                                                         | 2   |        | add11        | fadd      | fulldsp                  | 1       |
|     fmul_32ns_32ns_32_2_max_dsp_0_U113                                                                                         | 3   |        | mul36        | fmul      | maxdsp                   | 1       |
|     fadd_32ns_32ns_32_2_full_dsp_0_U77                                                                                         | 2   |        | R            | fadd      | fulldsp                  | 1       |
|     fmul_32ns_32ns_32_2_max_dsp_0_U111                                                                                         | 3   |        | mul37        | fmul      | maxdsp                   | 1       |
|     fadd_32ns_32ns_32_2_full_dsp_0_U74                                                                                         | 2   |        | add12        | fadd      | fulldsp                  | 1       |
|     fmul_32ns_32ns_32_2_max_dsp_0_U112                                                                                         | 3   |        | mul38        | fmul      | maxdsp                   | 1       |
|     fadd_32ns_32ns_32_2_full_dsp_0_U76                                                                                         | 2   |        | add13        | fadd      | fulldsp                  | 1       |
|     fmul_32ns_32ns_32_2_max_dsp_0_U114                                                                                         | 3   |        | mul39        | fmul      | maxdsp                   | 1       |
|     fadd_32ns_32ns_32_2_full_dsp_0_U78                                                                                         | 2   |        | add14        | fadd      | fulldsp                  | 1       |
|     fmul_32ns_32ns_32_2_max_dsp_0_U115                                                                                         | 3   |        | mul40        | fmul      | maxdsp                   | 1       |
|     faddfsub_32ns_32ns_32_2_full_dsp_0_U79                                                                                     | 2   |        | S            | fadd      | fulldsp                  | 1       |
|     fmul_32ns_32ns_32_2_max_dsp_0_U98                                                                                          | 3   |        | mul41        | fmul      | maxdsp                   | 1       |
|     fadd_32ns_32ns_32_2_full_dsp_0_U63                                                                                         | 2   |        | R1_1         | fadd      | fulldsp                  | 1       |
|     fmul_32ns_32ns_32_2_max_dsp_0_U99                                                                                          | 3   |        | mul42        | fmul      | maxdsp                   | 1       |
|     fadd_32ns_32ns_32_2_full_dsp_0_U64                                                                                         | 2   |        | S1_1         | fadd      | fulldsp                  | 1       |
|     fmul_32ns_32ns_32_2_max_dsp_0_U100                                                                                         | 3   |        | mul43        | fmul      | maxdsp                   | 1       |
|     fadd_32ns_32ns_32_2_full_dsp_0_U65                                                                                         | 2   |        | R2_1         | fadd      | fulldsp                  | 1       |
|     fmul_32ns_32ns_32_2_max_dsp_0_U101                                                                                         | 3   |        | mul44        | fmul      | maxdsp                   | 1       |
|     fadd_32ns_32ns_32_2_full_dsp_0_U66                                                                                         | 2   |        | S2_1         | fadd      | fulldsp                  | 1       |
|     fmul_32ns_32ns_32_2_max_dsp_0_U102                                                                                         | 3   |        | mul45        | fmul      | maxdsp                   | 1       |
|     fadd_32ns_32ns_32_2_full_dsp_0_U67                                                                                         | 2   |        | R3_1         | fadd      | fulldsp                  | 1       |
|     fmul_32ns_32ns_32_2_max_dsp_0_U103                                                                                         | 3   |        | mul46        | fmul      | maxdsp                   | 1       |
|     fadd_32ns_32ns_32_2_full_dsp_0_U68                                                                                         | 2   |        | S3_1         | fadd      | fulldsp                  | 1       |
|     fmul_32ns_32ns_32_2_max_dsp_0_U104                                                                                         | 3   |        | mul47        | fmul      | maxdsp                   | 1       |
|     fadd_32ns_32ns_32_2_full_dsp_0_U69                                                                                         | 2   |        | S4_1         | fadd      | fulldsp                  | 1       |
|     fmul_32ns_32ns_32_2_max_dsp_0_U108                                                                                         | 3   |        | mul48        | fmul      | maxdsp                   | 1       |
|     fadd_32ns_32ns_32_2_full_dsp_0_U73                                                                                         | 2   |        | add15        | fadd      | fulldsp                  | 1       |
|     fmul_32ns_32ns_32_2_max_dsp_0_U109                                                                                         | 3   |        | mul49        | fmul      | maxdsp                   | 1       |
|     fadd_32ns_32ns_32_2_full_dsp_0_U75                                                                                         | 2   |        | add16        | fadd      | fulldsp                  | 1       |
|     fmul_32ns_32ns_32_2_max_dsp_0_U113                                                                                         | 3   |        | mul50        | fmul      | maxdsp                   | 1       |
|     fadd_32ns_32ns_32_2_full_dsp_0_U77                                                                                         | 2   |        | R_1          | fadd      | fulldsp                  | 1       |
|     fmul_32ns_32ns_32_2_max_dsp_0_U110                                                                                         | 3   |        | mul51        | fmul      | maxdsp                   | 1       |
|     fadd_32ns_32ns_32_2_full_dsp_0_U74                                                                                         | 2   |        | add17        | fadd      | fulldsp                  | 1       |
|     fmul_32ns_32ns_32_2_max_dsp_0_U111                                                                                         | 3   |        | mul52        | fmul      | maxdsp                   | 1       |
|     fadd_32ns_32ns_32_2_full_dsp_0_U76                                                                                         | 2   |        | add18        | fadd      | fulldsp                  | 1       |
|     fmul_32ns_32ns_32_2_max_dsp_0_U114                                                                                         | 3   |        | mul53        | fmul      | maxdsp                   | 1       |
|     fadd_32ns_32ns_32_2_full_dsp_0_U78                                                                                         | 2   |        | S_1          | fadd      | fulldsp                  | 1       |
|     grp_fu_558_p1                                                                                                              |     |        | S_2          | select    | auto_sel                 | 0       |
|     R_2_fu_1049_p3                                                                                                             |     |        | R_2          | select    | auto_sel                 | 0       |
|     fmul_32ns_32ns_32_2_max_dsp_0_U83                                                                                          | 3   |        | mul54        | fmul      | maxdsp                   | 1       |
|     fadd_32ns_32ns_32_2_full_dsp_0_U53                                                                                         | 2   |        | x_assign     | fadd      | fulldsp                  | 1       |
|     fexp_32ns_32ns_32_4_full_dsp_0_U124                                                                                        | 7   |        | tmp_s        | fexp      | fulldsp                  | 3       |
|     faddfsub_32ns_32ns_32_2_full_dsp_0_U51                                                                                     | 2   |        | sub6         | fsub      | fulldsp                  | 1       |
|     fadd_32ns_32ns_32_2_full_dsp_0_U52                                                                                         | 2   |        | add19        | fadd      | fulldsp                  | 1       |
|     fmul_32ns_32ns_32_2_max_dsp_0_U84                                                                                          | 3   |        | mul55        | fmul      | maxdsp                   | 1       |
|     fdiv_32ns_32ns_32_6_no_dsp_0_U122                                                                                          |     |        | div4         | fdiv      | fabric                   | 5       |
|     fadd_32ns_32ns_32_2_full_dsp_0_U80                                                                                         | 2   |        | x_assign_2   | fadd      | fulldsp                  | 1       |
|     fexp_32ns_32ns_32_4_full_dsp_0_U125                                                                                        | 7   |        | tmp_2        | fexp      | fulldsp                  | 3       |
|     fmul_32ns_32ns_32_2_max_dsp_0_U117                                                                                         | 3   |        | r_1          | fmul      | maxdsp                   | 1       |
|     fdiv_32ns_32ns_32_6_no_dsp_0_U123                                                                                          |     |        | div5         | fdiv      | fabric                   | 5       |
|     faddfsub_32ns_32ns_32_2_full_dsp_0_U81                                                                                     | 2   |        | sub7         | fsub      | fulldsp                  | 1       |
|     faddfsub_32ns_32ns_32_2_full_dsp_0_U81                                                                                     | 2   |        | sub8         | fsub      | fulldsp                  | 1       |
|     select_ln547_fu_1064_p3                                                                                                    |     |        | select_ln547 | select    | auto_sel                 | 0       |
|     select_ln496_fu_1072_p3                                                                                                    |     |        | select_ln496 | select    | auto_sel                 | 0       |
|     faddfsub_32ns_32ns_32_2_full_dsp_0_U51                                                                                     | 2   |        | s_1          | fsub      | fulldsp                  | 1       |
|     fmul_32ns_32ns_32_2_max_dsp_0_U84                                                                                          | 3   |        | mul13        | fmul      | maxdsp                   | 1       |
|     fadd_32ns_32ns_32_2_full_dsp_0_U54                                                                                         | 2   |        | P1           | fadd      | fulldsp                  | 1       |
|     fmul_32ns_32ns_32_2_max_dsp_0_U85                                                                                          | 3   |        | s2_1         | fmul      | maxdsp                   | 1       |
|     fmul_32ns_32ns_32_2_max_dsp_0_U86                                                                                          | 3   |        | mul14        | fmul      | maxdsp                   | 1       |
|     fadd_32ns_32ns_32_2_full_dsp_0_U55                                                                                         | 2   |        | Q1           | fadd      | fulldsp                  | 1       |
|     fmul_32ns_32ns_32_2_max_dsp_0_U91                                                                                          | 3   |        | s4           | fmul      | maxdsp                   | 1       |
|     fmul_32ns_32ns_32_2_max_dsp_0_U87                                                                                          | 3   |        | mul15        | fmul      | maxdsp                   | 1       |
|     fadd_32ns_32ns_32_2_full_dsp_0_U56                                                                                         | 2   |        | P2           | fadd      | fulldsp                  | 1       |
|     fmul_32ns_32ns_32_2_max_dsp_0_U92                                                                                          | 3   |        | s6           | fmul      | maxdsp                   | 1       |
|     fmul_32ns_32ns_32_2_max_dsp_0_U88                                                                                          | 3   |        | mul16        | fmul      | maxdsp                   | 1       |
|     fadd_32ns_32ns_32_2_full_dsp_0_U57                                                                                         | 2   |        | Q2           | fadd      | fulldsp                  | 1       |
|     fmul_32ns_32ns_32_2_max_dsp_0_U89                                                                                          | 3   |        | mul17        | fmul      | maxdsp                   | 1       |
|     fadd_32ns_32ns_32_2_full_dsp_0_U58                                                                                         | 2   |        | P3           | fadd      | fulldsp                  | 1       |
|     fmul_32ns_32ns_32_2_max_dsp_0_U90                                                                                          | 3   |        | mul18        | fmul      | maxdsp                   | 1       |
|     fadd_32ns_32ns_32_2_full_dsp_0_U59                                                                                         | 2   |        | Q3           | fadd      | fulldsp                  | 1       |
|     fmul_32ns_32ns_32_2_max_dsp_0_U93                                                                                          | 3   |        | mul19        | fmul      | maxdsp                   | 1       |
|     fadd_32ns_32ns_32_2_full_dsp_0_U61                                                                                         | 2   |        | add4         | fadd      | fulldsp                  | 1       |
|     fmul_32ns_32ns_32_2_max_dsp_0_U94                                                                                          | 3   |        | mul20        | fmul      | maxdsp                   | 1       |
|     fadd_32ns_32ns_32_2_full_dsp_0_U63                                                                                         | 2   |        | add5         | fadd      | fulldsp                  | 1       |
|     fmul_32ns_32ns_32_2_max_dsp_0_U97                                                                                          | 3   |        | mul21        | fmul      | maxdsp                   | 1       |
|     fadd_32ns_32ns_32_2_full_dsp_0_U71                                                                                         | 2   |        | P            | fadd      | fulldsp                  | 1       |
|     fmul_32ns_32ns_32_2_max_dsp_0_U95                                                                                          | 3   |        | mul22        | fmul      | maxdsp                   | 1       |
|     fadd_32ns_32ns_32_2_full_dsp_0_U62                                                                                         | 2   |        | add6         | fadd      | fulldsp                  | 1       |
|     fmul_32ns_32ns_32_2_max_dsp_0_U96                                                                                          | 3   |        | mul23        | fmul      | maxdsp                   | 1       |
|     fadd_32ns_32ns_32_2_full_dsp_0_U64                                                                                         | 2   |        | add7         | fadd      | fulldsp                  | 1       |
|     fmul_32ns_32ns_32_2_max_dsp_0_U98                                                                                          | 3   |        | mul24        | fmul      | maxdsp                   | 1       |
|     fadd_32ns_32ns_32_2_full_dsp_0_U72                                                                                         | 2   |        | Q            | fadd      | fulldsp                  | 1       |
|     fdiv_32ns_32ns_32_6_no_dsp_0_U121                                                                                          |     |        | div2         | fdiv      | fabric                   | 5       |
|     faddfsub_32ns_32ns_32_2_full_dsp_0_U79                                                                                     | 2   |        | add8         | fadd      | fulldsp                  | 1       |
|     faddfsub_32ns_32ns_32_2_full_dsp_0_U79                                                                                     | 2   |        | sub3         | fadd      | fulldsp                  | 1       |
|     icmp_ln454_fu_1037_p2                                                                                                      |     |        | icmp_ln454   | setlt     | auto                     | 0       |
|     fmul_32ns_32ns_32_2_max_dsp_0_U82                                                                                          | 3   |        | z            | fmul      | maxdsp                   | 1       |
|     fmul_32ns_32ns_32_2_max_dsp_0_U84                                                                                          | 3   |        | mul6         | fmul      | maxdsp                   | 1       |
|     fadd_32ns_32ns_32_2_full_dsp_0_U54                                                                                         | 2   |        | r1           | fadd      | fulldsp                  | 1       |
|     fmul_32ns_32ns_32_2_max_dsp_0_U85                                                                                          | 3   |        | z2           | fmul      | maxdsp                   | 1       |
|     fmul_32ns_32ns_32_2_max_dsp_0_U86                                                                                          | 3   |        | mul8         | fmul      | maxdsp                   | 1       |
|     fadd_32ns_32ns_32_2_full_dsp_0_U55                                                                                         | 2   |        | r2           | fadd      | fulldsp                  | 1       |
|     fmul_32ns_32ns_32_2_max_dsp_0_U91                                                                                          | 3   |        | z4           | fmul      | maxdsp                   | 1       |
|     fmul_32ns_32ns_32_2_max_dsp_0_U87                                                                                          | 3   |        | mul1         | fmul      | maxdsp                   | 1       |
|     fadd_32ns_32ns_32_2_full_dsp_0_U56                                                                                         | 2   |        | s1           | fadd      | fulldsp                  | 1       |
|     fmul_32ns_32ns_32_2_max_dsp_0_U88                                                                                          | 3   |        | mul2         | fmul      | maxdsp                   | 1       |
|     fadd_32ns_32ns_32_2_full_dsp_0_U57                                                                                         | 2   |        | s2           | fadd      | fulldsp                  | 1       |
|     fmul_32ns_32ns_32_2_max_dsp_0_U89                                                                                          | 3   |        | mul5         | fmul      | maxdsp                   | 1       |
|     fadd_32ns_32ns_32_2_full_dsp_0_U58                                                                                         | 2   |        | s3           | fadd      | fulldsp                  | 1       |
|     fmul_32ns_32ns_32_2_max_dsp_0_U92                                                                                          | 3   |        | mul7         | fmul      | maxdsp                   | 1       |
|     fadd_32ns_32ns_32_2_full_dsp_0_U61                                                                                         | 2   |        | add9         | fadd      | fulldsp                  | 1       |
|     fmul_32ns_32ns_32_2_max_dsp_0_U93                                                                                          | 3   |        | mul9         | fmul      | maxdsp                   | 1       |
|     fadd_32ns_32ns_32_2_full_dsp_0_U63                                                                                         | 2   |        | r            | fadd      | fulldsp                  | 1       |
|     fmul_32ns_32ns_32_2_max_dsp_0_U94                                                                                          | 3   |        | mul10        | fmul      | maxdsp                   | 1       |
|     fadd_32ns_32ns_32_2_full_dsp_0_U62                                                                                         | 2   |        | add1         | fadd      | fulldsp                  | 1       |
|     fmul_32ns_32ns_32_2_max_dsp_0_U95                                                                                          | 3   |        | mul11        | fmul      | maxdsp                   | 1       |
|     fadd_32ns_32ns_32_2_full_dsp_0_U64                                                                                         | 2   |        | s            | fadd      | fulldsp                  | 1       |
|     fdiv_32ns_32ns_32_6_no_dsp_0_U120                                                                                          |     |        | y            | fdiv      | fabric                   | 5       |
|     fmul_32ns_32ns_32_2_max_dsp_0_U116                                                                                         | 3   |        | mul12        | fmul      | maxdsp                   | 1       |
|     faddfsub_32ns_32ns_32_2_full_dsp_0_U79                                                                                     | 2   |        | add2         | fadd      | fulldsp                  | 1       |
|     fmul_32ns_32ns_32_2_max_dsp_0_U82                                                                                          | 3   |        | mul          | fmul      | maxdsp                   | 1       |
|     fmul_32ns_32ns_32_2_max_dsp_0_U83                                                                                          | 3   |        | mul3         | fmul      | maxdsp                   | 1       |
|     fadd_32ns_32ns_32_2_full_dsp_0_U53                                                                                         | 2   |        | add3         | fadd      | fulldsp                  | 1       |
|     fmul_32ns_32ns_32_2_max_dsp_0_U91                                                                                          | 3   |        | mul4         | fmul      | maxdsp                   | 1       |
|     icmp_ln446_fu_1043_p2                                                                                                      |     |        | icmp_ln446   | setgt     | auto                     | 0       |
|     fdiv_32ns_32ns_32_6_no_dsp_0_U118                                                                                          |     |        | div          | fdiv      | fabric                   | 5       |
|     fadd_32ns_32ns_32_2_full_dsp_0_U60                                                                                         | 2   |        | sub          | fadd      | fulldsp                  | 1       |
|     fadd_32ns_32ns_32_2_full_dsp_0_U60                                                                                         | 2   |        | add          | fadd      | fulldsp                  | 1       |
|  + gemm_backward_dIn1_4_256_512_s                                                                                              | 0   |        |              |           |                          |         |
|    icmp_ln22_fu_268_p2                                                                                                         |     |        | icmp_ln22    | seteq     | auto                     | 0       |
|    add_ln22_fu_274_p2                                                                                                          |     |        | add_ln22     | add       | fabric                   | 0       |
|    icmp_ln27_fu_300_p2                                                                                                         |     |        | icmp_ln27    | seteq     | auto                     | 0       |
|    add_ln27_fu_306_p2                                                                                                          |     |        | add_ln27     | add       | fabric                   | 0       |
|    add_ln40_fu_316_p2                                                                                                          |     |        | add_ln40     | add       | fabric                   | 0       |
|   + gemm_backward_dIn1_4_256_512_Pipeline_VITIS_LOOP_25_2                                                                      | 0   |        |              |           |                          |         |
|     icmp_ln25_fu_211_p2                                                                                                        |     |        | icmp_ln25    | seteq     | auto                     | 0       |
|     add_ln25_6_fu_217_p2                                                                                                       |     |        | add_ln25_6   | add       | fabric                   | 0       |
|     add_ln25_fu_241_p2                                                                                                         |     |        | add_ln25     | add       | fabric                   | 0       |
|   + gemm_backward_dIn1_4_256_512_Pipeline_VITIS_LOOP_32_5                                                                      | 0   |        |              |           |                          |         |
|     add_ln32_fu_462_p2                                                                                                         |     |        | add_ln32     | add       | fabric                   | 0       |
|   + gemm_backward_dIn1_4_256_512_Pipeline_VITIS_LOOP_39_7                                                                      | 0   |        |              |           |                          |         |
|     icmp_ln39_fu_148_p2                                                                                                        |     |        | icmp_ln39    | seteq     | auto                     | 0       |
|     add_ln39_fu_154_p2                                                                                                         |     |        | add_ln39     | add       | fabric                   | 0       |
|     sparsemux_17_3_32_1_1_U179                                                                                                 |     |        | tmp          | sparsemux | compactencoding_dontcare | 0       |
|  + layer_norm_backward_impl_4_256_s                                                                                            | 10  |        |              |           |                          |         |
|    icmp_ln74_fu_210_p2                                                                                                         |     |        | icmp_ln74    | seteq     | auto                     | 0       |
|    add_ln74_fu_216_p2                                                                                                          |     |        | add_ln74     | add       | fabric                   | 0       |
|    faddfsub_32ns_32ns_32_2_full_dsp_1_U226                                                                                     |     |        | add_ln78     | add       | fabric                   | 0       |
|    fmul_32ns_32ns_32_2_max_dsp_1_U227                                                                                          | 3   |        | mean         | fmul      | maxdsp                   | 1       |
|    fmul_32ns_32ns_32_2_max_dsp_1_U227                                                                                          |     |        | empty_160    | adapter   | m_axi                    | 0       |
|    add_ln78_1_fu_253_p2                                                                                                        |     |        | add_ln78_1   | add       | fabric                   | 0       |
|    fmul_32ns_32ns_32_2_max_dsp_1_U227                                                                                          | 3   |        | var          | fmul      | maxdsp                   | 1       |
|    faddfsub_32ns_32ns_32_2_full_dsp_1_U226                                                                                     | 2   |        | x_assign     | fadd      | fulldsp                  | 1       |
|    fsqrt_32ns_32ns_32_6_no_dsp_1_U229                                                                                          |     |        | std_dev      | fsqrt     | fabric                   | 5       |
|    fmul_32ns_32ns_32_2_max_dsp_1_U227                                                                                          | 3   |        | mean_dy      | fmul      | maxdsp                   | 1       |
|    fmul_32ns_32ns_32_2_max_dsp_1_U228                                                                                          | 3   |        | mean_dy_y    | fmul      | maxdsp                   | 1       |
|   + layer_norm_backward_impl_4_256_Pipeline_VITIS_LOOP_76_2                                                                    | 0   |        |              |           |                          |         |
|     icmp_ln76_fu_97_p2                                                                                                         |     |        | icmp_ln76    | seteq     | auto                     | 0       |
|     add_ln76_fu_103_p2                                                                                                         |     |        | add_ln76     | add       | fabric                   | 0       |
|   + layer_norm_backward_impl_4_256_Pipeline_VITIS_LOOP_93_4                                                                    | 0   |        |              |           |                          |         |
|     icmp_ln93_fu_150_p2                                                                                                        |     |        | icmp_ln93    | seteq     | auto                     | 0       |
|     add_ln93_fu_156_p2                                                                                                         |     |        | add_ln93     | add       | fabric                   | 0       |
|     add_ln95_fu_166_p2                                                                                                         |     |        | add_ln95     | add       | fabric                   | 0       |
|   + layer_norm_backward_impl_4_256_Pipeline_VITIS_LOOP_83_3                                                                    | 0   |        |              |           |                          |         |
|     icmp_ln83_fu_111_p2                                                                                                        |     |        | icmp_ln83    | seteq     | auto                     | 0       |
|     add_ln83_fu_117_p2                                                                                                         |     |        | add_ln83     | add       | fabric                   | 0       |
|   + layer_norm_backward_impl_4_256_Pipeline_VITIS_LOOP_102_5                                                                   | 0   |        |              |           |                          |         |
|     icmp_ln102_fu_155_p2                                                                                                       |     |        | icmp_ln102   | seteq     | auto                     | 0       |
|     add_ln102_fu_161_p2                                                                                                        |     |        | add_ln102    | add       | fabric                   | 0       |
|     add_ln104_fu_171_p2                                                                                                        |     |        | add_ln104    | add       | fabric                   | 0       |
|     fdiv_32ns_32ns_32_6_no_dsp_1_U217                                                                                          |     |        | div          | fdiv      | fabric                   | 5       |
|  + transformer_block_lora_backward_Pipeline_VITIS_LOOP_791_1                                                                   | 0   |        |              |           |                          |         |
|    icmp_ln791_fu_109_p2                                                                                                        |     |        | icmp_ln791   | seteq     | auto                     | 0       |
|    add_ln791_fu_115_p2                                                                                                         |     |        | add_ln791    | add       | fabric                   | 0       |
|  + multi_head_lora_backward_impl_4_256_4_4_s                                                                                   | 52  |        |              |           |                          |         |
|    icmp_ln654_fu_764_p2                                                                                                        |     |        | icmp_ln654   | seteq     | auto                     | 0       |
|    add_ln654_fu_770_p2                                                                                                         |     |        | add_ln654    | add       | fabric                   | 0       |
|    icmp_ln47_fu_792_p2                                                                                                         |     |        | icmp_ln47    | seteq     | auto                     | 0       |
|    add_ln47_fu_798_p2                                                                                                          |     |        | add_ln47     | add       | fabric                   | 0       |
|    add_ln655_fu_809_p2                                                                                                         |     |        | add_ln655    | add       | fabric                   | 0       |
|    icmp_ln138_fu_857_p2                                                                                                        |     |        | icmp_ln138   | seteq     | auto                     | 0       |
|    add_ln138_fu_863_p2                                                                                                         |     |        | add_ln138    | add       | fabric                   | 0       |
|   + gemm_backward_dIn1_4_256_256_s (grp_gemm_backward_dIn1_4_256_256_s_fu_539)                                                 | 5   |        |              |           |                          |         |
|     icmp_ln22_fu_266_p2                                                                                                        |     |        | icmp_ln22    | seteq     | auto                     | 0       |
|     add_ln22_fu_272_p2                                                                                                         |     |        | add_ln22     | add       | fabric                   | 0       |
|     icmp_ln27_fu_291_p2                                                                                                        |     |        | icmp_ln27    | seteq     | auto                     | 0       |
|     add_ln27_fu_297_p2                                                                                                         |     |        | add_ln27     | add       | fabric                   | 0       |
|     add_ln40_fu_307_p2                                                                                                         |     |        | add_ln40     | add       | fabric                   | 0       |
|     + gemm_backward_dIn1_4_256_256_Pipeline_VITIS_LOOP_25_2 (grp_gemm_backward_dIn1_4_256_256_Pipeline_VITIS_LOOP_25_2_fu_187) | 0   |        |              |           |                          |         |
|       icmp_ln25_fu_211_p2                                                                                                      |     |        | icmp_ln25    | seteq     | auto                     | 0       |
|       add_ln25_7_fu_217_p2                                                                                                     |     |        | add_ln25_7   | add       | fabric                   | 0       |
|       add_ln25_fu_241_p2                                                                                                       |     |        | add_ln25     | add       | fabric                   | 0       |
|     + gemm_backward_dIn1_4_256_256_Pipeline_VITIS_LOOP_32_5 (grp_gemm_backward_dIn1_4_256_256_Pipeline_VITIS_LOOP_32_5_fu_202) | 3   |        |              |           |                          |         |
|       fmul_32ns_32ns_32_2_max_dsp_1_U254                                                                                       | 3   |        | mul          | fmul      | maxdsp                   | 1       |
|       fmul_32ns_32ns_32_2_max_dsp_1_U254                                                                                       | 3   |        | mul37_1      | fmul      | maxdsp                   | 1       |
|       fmul_32ns_32ns_32_2_max_dsp_1_U254                                                                                       | 3   |        | mul37_2      | fmul      | maxdsp                   | 1       |
|       fmul_32ns_32ns_32_2_max_dsp_1_U254                                                                                       | 3   |        | mul37_3      | fmul      | maxdsp                   | 1       |
|       fmul_32ns_32ns_32_2_max_dsp_1_U254                                                                                       | 3   |        | mul37_4      | fmul      | maxdsp                   | 1       |
|       fmul_32ns_32ns_32_2_max_dsp_1_U254                                                                                       | 3   |        | mul37_5      | fmul      | maxdsp                   | 1       |
|       fmul_32ns_32ns_32_2_max_dsp_1_U254                                                                                       | 3   |        | mul37_6      | fmul      | maxdsp                   | 1       |
|       fmul_32ns_32ns_32_2_max_dsp_1_U254                                                                                       | 3   |        | mul37_7      | fmul      | maxdsp                   | 1       |
|       add_ln32_fu_462_p2                                                                                                       |     |        | add_ln32     | add       | fabric                   | 0       |
|     + gemm_backward_dIn1_4_256_256_Pipeline_VITIS_LOOP_39_7 (grp_gemm_backward_dIn1_4_256_256_Pipeline_VITIS_LOOP_39_7_fu_225) | 0   |        |              |           |                          |         |
|       icmp_ln39_fu_148_p2                                                                                                      |     |        | icmp_ln39    | seteq     | auto                     | 0       |
|       add_ln39_fu_154_p2                                                                                                       |     |        | add_ln39     | add       | fabric                   | 0       |
|       sparsemux_17_3_32_1_1_U274                                                                                               |     |        | tmp          | sparsemux | compactencoding_dontcare | 0       |
|   + multi_head_lora_backward_impl_Pipeline_VITIS_LOOP_660_2_VITIS_LOOP_661_3                                                   | 0   |        |              |           |                          |         |
|     icmp_ln660_fu_395_p2                                                                                                       |     |        | icmp_ln660   | seteq     | auto                     | 0       |
|     add_ln660_fu_401_p2                                                                                                        |     |        | add_ln660    | add       | fabric                   | 0       |
|     icmp_ln661_fu_413_p2                                                                                                       |     |        | icmp_ln661   | seteq     | auto                     | 0       |
|     select_ln660_fu_419_p3                                                                                                     |     |        | select_ln660 | select    | auto_sel                 | 0       |
|     empty_123_fu_427_p3                                                                                                        |     |        | empty_123    | select    | auto_sel                 | 0       |
|     add_ln660_1_fu_435_p2                                                                                                      |     |        | add_ln660_1  | add       | fabric                   | 0       |
|     first_iter_0_fu_441_p2                                                                                                     |     |        | first_iter_0 | seteq     | auto                     | 0       |
|     add_ln663_fu_465_p2                                                                                                        |     |        | add_ln663    | add       | fabric                   | 0       |
|     add_ln663_1_fu_471_p2                                                                                                      |     |        | add_ln663_1  | add       | fabric                   | 0       |
|     add_ln663_2_fu_477_p2                                                                                                      |     |        | add_ln663_2  | add       | fabric                   | 0       |
|     add_ln663_3_fu_649_p2                                                                                                      |     |        | add_ln663_3  | add       | fabric                   | 0       |
|     add_ln664_fu_559_p2                                                                                                        |     |        | add_ln664    | add       | fabric                   | 0       |
|     mul_8ns_10ns_17_1_1_U291                                                                                                   |     |        | mul_ln665    | mul       | auto                     | 0       |
|     urem_7ns_4ns_3_11_1_U290                                                                                                   |     |        | urem_ln665   | urem      | auto                     | 10      |
|     add_ln661_fu_617_p2                                                                                                        |     |        | add_ln661    | add       | fabric                   | 0       |
|   + gemm_backward_dIn1_4_4_64_s                                                                                                | 0   |        |              |           |                          |         |
|     icmp_ln22_fu_222_p2                                                                                                        |     |        | icmp_ln22    | seteq     | auto                     | 0       |
|     add_ln22_fu_228_p2                                                                                                         |     |        | add_ln22     | add       | fabric                   | 0       |
|     icmp_ln27_fu_248_p2                                                                                                        |     |        | icmp_ln27    | seteq     | auto                     | 0       |
|     add_ln27_fu_254_p2                                                                                                         |     |        | add_ln27     | add       | fabric                   | 0       |
|     add_ln40_fu_269_p2                                                                                                         |     |        | add_ln40     | add       | fabric                   | 0       |
|    + gemm_backward_dIn1_4_4_64_Pipeline_VITIS_LOOP_25_2                                                                        | 0   |        |              |           |                          |         |
|      icmp_ln25_fu_299_p2                                                                                                       |     |        | icmp_ln25    | seteq     | auto                     | 0       |
|      add_ln25_3_fu_305_p2                                                                                                      |     |        | add_ln25_3   | add       | fabric                   | 0       |
|      add_ln25_fu_325_p2                                                                                                        |     |        | add_ln25     | add       | fabric                   | 0       |
|      mul_8ns_10ns_17_1_1_U313                                                                                                  |     |        | mul_ln25     | mul       | auto                     | 0       |
|      urem_7ns_4ns_3_11_1_U314                                                                                                  |     |        | urem_ln25    | urem      | auto                     | 10      |
|      sparsemux_11_3_32_1_1_U315                                                                                                |     |        | tmp          | sparsemux | compactencoding_dontcare | 0       |
|    + gemm_backward_dIn1_4_4_64_Pipeline_VITIS_LOOP_32_5                                                                        | 0   |        |              |           |                          |         |
|      add_ln32_fu_558_p2                                                                                                        |     |        | add_ln32     | add       | fabric                   | 0       |
|    + gemm_backward_dIn1_4_4_64_Pipeline_VITIS_LOOP_39_7                                                                        | 0   |        |              |           |                          |         |
|      icmp_ln39_fu_148_p2                                                                                                       |     |        | icmp_ln39    | seteq     | auto                     | 0       |
|      add_ln39_fu_154_p2                                                                                                        |     |        | add_ln39     | add       | fabric                   | 0       |
|      sparsemux_17_3_32_1_1_U360                                                                                                |     |        | tmp_s        | sparsemux | compactencoding_dontcare | 0       |
|   + multi_head_lora_backward_impl_4_256_4_4_Pipeline_VITIS_LOOP_50_2                                                           | 0   |        |              |           |                          |         |
|     icmp_ln50_fu_164_p2                                                                                                        |     |        | icmp_ln50    | seteq     | auto                     | 0       |
|     add_ln50_1_fu_170_p2                                                                                                       |     |        | add_ln50_1   | add       | fabric                   | 0       |
|     add_ln50_fu_196_p2                                                                                                         |     |        | add_ln50     | add       | fabric                   | 0       |
|   + multi_head_lora_backward_impl_4_256_4_4_Pipeline_VITIS_LOOP_52_3                                                           | 0   |        |              |           |                          |         |
|     icmp_ln52_fu_382_p2                                                                                                        |     |        | icmp_ln52    | seteq     | auto                     | 0       |
|     add_ln52_fu_388_p2                                                                                                         |     |        | add_ln52     | add       | fabric                   | 0       |
|     add_ln52_1_fu_397_p2                                                                                                       |     |        | add_ln52_1   | add       | fabric                   | 0       |
|     icmp_ln52_1_fu_403_p2                                                                                                      |     |        | icmp_ln52_1  | seteq     | auto                     | 0       |
|     select_ln52_fu_409_p3                                                                                                      |     |        | select_ln52  | select    | auto_sel                 | 0       |
|     mul_6ns_8ns_13_1_1_U403                                                                                                    |     |        | mul_ln52     | mul       | auto                     | 0       |
|     sparsemux_11_3_32_1_1_U407                                                                                                 |     |        | tmp          | sparsemux | compactencoding_dontcare | 0       |
|     mul_7ns_9ns_15_1_1_U404                                                                                                    |     |        | mul_ln56     | mul       | auto                     | 0       |
|     sparsemux_11_3_32_1_1_x_U408                                                                                               |     |        | tmp_2        | sparsemux | compactencoding_dontcare | 0       |
|     mul_8ns_10ns_17_1_1_U405                                                                                                   |     |        | mul_ln56_1   | mul       | auto                     | 0       |
|     sparsemux_11_3_32_1_1_x_U409                                                                                               |     |        | tmp_3        | sparsemux | compactencoding_dontcare | 0       |
|     mul_8ns_10ns_17_1_1_U406                                                                                                   |     |        | mul_ln56_2   | mul       | auto                     | 0       |
|     sparsemux_11_3_32_1_1_x_U410                                                                                               |     |        | tmp_4        | sparsemux | compactencoding_dontcare | 0       |
|     add_ln57_fu_686_p2                                                                                                         |     |        | add_ln57     | add       | fabric                   | 0       |
|   + multi_head_lora_backward_impl_4_256_4_4_Pipeline_VITIS_LOOP_139_2                                                          | 0   |        |              |           |                          |         |
|     icmp_ln139_fu_316_p2                                                                                                       |     |        | icmp_ln139   | seteq     | auto                     | 0       |
|     add_ln139_fu_322_p2                                                                                                        |     |        | add_ln139    | add       | fabric                   | 0       |
|     add_ln141_fu_345_p2                                                                                                        |     |        | add_ln141    | add       | fabric                   | 0       |
|   + attention_scores_backward_impl_4_64_s                                                                                      | 6   |        |              |           |                          |         |
|     icmp_ln22_fu_282_p2                                                                                                        |     |        | icmp_ln22    | seteq     | auto                     | 0       |
|     add_ln22_fu_288_p2                                                                                                         |     |        | add_ln22     | add       | fabric                   | 0       |
|     icmp_ln47_fu_344_p2                                                                                                        |     |        | icmp_ln47    | seteq     | auto                     | 0       |
|     add_ln47_fu_350_p2                                                                                                         |     |        | add_ln47     | add       | fabric                   | 0       |
|    + attention_scores_backward_impl_4_64_Pipeline_VITIS_LOOP_116_1_VITIS_LOOP_117_2                                            | 0   |        |              |           |                          |         |
|      icmp_ln116_fu_121_p2                                                                                                      |     |        | icmp_ln116   | seteq     | auto                     | 0       |
|      add_ln116_1_fu_127_p2                                                                                                     |     |        | add_ln116_1  | add       | fabric                   | 0       |
|      icmp_ln117_fu_139_p2                                                                                                      |     |        | icmp_ln117   | seteq     | auto                     | 0       |
|      select_ln116_fu_145_p3                                                                                                    |     |        | select_ln116 | select    | auto_sel                 | 0       |
|      empty_fu_153_p3                                                                                                           |     |        | empty        | select    | auto_sel                 | 0       |
|      add_ln116_fu_161_p2                                                                                                       |     |        | add_ln116    | add       | fabric                   | 0       |
|      add_ln120_fu_195_p2                                                                                                       |     |        | add_ln120    | add       | fabric                   | 0       |
|      add_ln117_fu_210_p2                                                                                                       |     |        | add_ln117    | add       | fabric                   | 0       |
|    + attention_scores_backward_impl_4_64_Pipeline_VITIS_LOOP_169_1                                                             | 0   |        |              |           |                          |         |
|      icmp_ln169_fu_171_p2                                                                                                      |     |        | icmp_ln169   | seteq     | auto                     | 0       |
|      add_ln169_fu_177_p2                                                                                                       |     |        | add_ln169    | add       | fabric                   | 0       |
|      mul_4ns_6ns_9_1_1_U480                                                                                                    |     |        | mul_ln169    | mul       | auto                     | 0       |
|      add_ln169_1_fu_228_p2                                                                                                     |     |        | add_ln169_1  | add       | fabric                   | 0       |
|      icmp_ln169_1_fu_234_p2                                                                                                    |     |        | icmp_ln169_1 | seteq     | auto                     | 0       |
|      select_ln169_fu_240_p3                                                                                                    |     |        | select_ln169 | select    | auto_sel                 | 0       |
|    + attention_scores_backward_impl_4_64_Pipeline_VITIS_LOOP_25_2                                                              | 0   |        |              |           |                          |         |
|      icmp_ln25_fu_201_p2                                                                                                       |     |        | icmp_ln25    | seteq     | auto                     | 0       |
|      add_ln25_8_fu_207_p2                                                                                                      |     |        | add_ln25_8   | add       | fabric                   | 0       |
|      add_ln25_fu_221_p2                                                                                                        |     |        | add_ln25     | add       | fabric                   | 0       |
|      mul_4ns_6ns_9_1_1_U488                                                                                                    |     |        | mul_ln25     | mul       | auto                     | 0       |
|      urem_4ns_4ns_3_8_1_U489                                                                                                   |     |        | urem_ln25    | urem      | auto                     | 7       |
|      sparsemux_11_3_32_1_1_U490                                                                                                |     |        | a            | sparsemux | compactencoding_dontcare | 0       |
|    + attention_scores_backward_impl_4_64_Pipeline_VITIS_LOOP_27_3                                                              | 6   |        |              |           |                          |         |
|      icmp_ln27_fu_209_p2                                                                                                       |     |        | icmp_ln27    | seteq     | auto                     | 0       |
|      add_ln27_fu_215_p2                                                                                                        |     |        | add_ln27     | add       | fabric                   | 0       |
|      fadd_32ns_32ns_32_2_full_dsp_1_U506                                                                                       | 2   |        | part_2       | fadd      | fulldsp                  | 1       |
|      fadd_32ns_32ns_32_2_full_dsp_1_U507                                                                                       | 2   |        | total_7      | fadd      | fulldsp                  | 1       |
|      fadd_32ns_32ns_32_2_full_dsp_1_U508                                                                                       | 2   |        | total_8      | fadd      | fulldsp                  | 1       |
|      add_ln40_fu_257_p2                                                                                                        |     |        | add_ln40     | add       | fabric                   | 0       |
|    + attention_scores_backward_impl_4_64_Pipeline_VITIS_LOOP_50_2                                                              | 0   |        |              |           |                          |         |
|      icmp_ln50_fu_125_p2                                                                                                       |     |        | icmp_ln50    | seteq     | auto                     | 0       |
|      add_ln50_3_fu_131_p2                                                                                                      |     |        | add_ln50_3   | add       | fabric                   | 0       |
|    + attention_scores_backward_impl_Pipeline_VITIS_LOOP_116_1_VITIS_LOOP_117_24                                                | 0   |        |              |           |                          |         |
|      icmp_ln116_fu_105_p2                                                                                                      |     |        | icmp_ln116   | seteq     | auto                     | 0       |
|      add_ln116_fu_111_p2                                                                                                       |     |        | add_ln116    | add       | fabric                   | 0       |
|      icmp_ln117_fu_123_p2                                                                                                      |     |        | icmp_ln117   | seteq     | auto                     | 0       |
|      select_ln116_fu_129_p3                                                                                                    |     |        | select_ln116 | select    | auto_sel                 | 0       |
|      empty_fu_137_p3                                                                                                           |     |        | empty        | select    | auto_sel                 | 0       |
|      add_ln116_1_fu_145_p2                                                                                                     |     |        | add_ln116_1  | add       | fabric                   | 0       |
|      add_ln120_fu_171_p2                                                                                                       |     |        | add_ln120    | add       | fabric                   | 0       |
|      add_ln119_fu_194_p2                                                                                                       |     |        | add_ln119    | add       | fabric                   | 0       |
|      add_ln117_fu_200_p2                                                                                                       |     |        | add_ln117    | add       | fabric                   | 0       |
|    + attention_scores_backward_impl_4_64_Pipeline_VITIS_LOOP_52_3                                                              | 0   |        |              |           |                          |         |
|      icmp_ln52_fu_336_p2                                                                                                       |     |        | icmp_ln52    | seteq     | auto                     | 0       |
|      add_ln52_fu_342_p2                                                                                                        |     |        | add_ln52     | add       | fabric                   | 0       |
|      sparsemux_9_2_32_1_1_U535                                                                                                 |     |        | tmp          | sparsemux | compactencoding_dontcare | 0       |
|      icmp_ln56_fu_377_p2                                                                                                       |     |        | icmp_ln56    | setlt     | auto                     | 0       |
|      select_ln56_fu_383_p3                                                                                                     |     |        | select_ln56  | select    | auto_sel                 | 0       |
|      sparsemux_9_2_32_1_1_x_U538                                                                                               |     |        | tmp_s        | sparsemux | compactencoding_dontcare | 0       |
|      mul_4ns_6ns_9_1_1_U536                                                                                                    |     |        | mul_ln56     | mul       | auto                     | 0       |
|      sparsemux_9_2_32_1_1_x_U539                                                                                               |     |        | tmp_3        | sparsemux | compactencoding_dontcare | 0       |
|      mul_4ns_6ns_9_1_1_U537                                                                                                    |     |        | mul_ln56_5   | mul       | auto                     | 0       |
|      sparsemux_9_2_32_1_1_x_U540                                                                                               |     |        | tmp_4        | sparsemux | compactencoding_dontcare | 0       |
|      add_ln57_fu_551_p2                                                                                                        |     |        | add_ln57     | add       | fabric                   | 0       |
|   + multi_head_lora_backward_impl_4_256_4_4_Pipeline_VITIS_LOOP_119_2                                                          | 0   |        |              |           |                          |         |
|     icmp_ln119_fu_236_p2                                                                                                       |     |        | icmp_ln119   | seteq     | auto                     | 0       |
|     add_ln119_fu_242_p2                                                                                                        |     |        | add_ln119    | add       | fabric                   | 0       |
|     sparsemux_9_2_32_1_1_U450                                                                                                  |     |        | tmp_5        | sparsemux | compactencoding_dontcare | 0       |
|     sparsemux_9_2_32_1_1_U449                                                                                                  |     |        | tmp_6        | sparsemux | compactencoding_dontcare | 0       |
|   + multi_head_lora_backward_impl_4_256_4_4_Pipeline_VITIS_LOOP_147_3                                                          | 0   |        |              |           |                          |         |
|     icmp_ln147_fu_109_p2                                                                                                       |     |        | icmp_ln147   | seteq     | auto                     | 0       |
|     add_ln147_fu_115_p2                                                                                                        |     |        | add_ln147    | add       | fabric                   | 0       |
|     sparsemux_9_2_32_1_1_U469                                                                                                  |     |        | tmp_7        | sparsemux | compactencoding_dontcare | 0       |
|     add_ln149_fu_154_p2                                                                                                        |     |        | add_ln149    | add       | fabric                   | 0       |
|   + multi_head_lora_backward_impl_Pipeline_VITIS_LOOP_688_4_VITIS_LOOP_689_5                                                   | 0   |        |              |           |                          |         |
|     icmp_ln688_fu_175_p2                                                                                                       |     |        | icmp_ln688   | seteq     | auto                     | 0       |
|     add_ln688_fu_181_p2                                                                                                        |     |        | add_ln688    | add       | fabric                   | 0       |
|     icmp_ln689_fu_193_p2                                                                                                       |     |        | icmp_ln689   | seteq     | auto                     | 0       |
|     select_ln688_fu_199_p3                                                                                                     |     |        | select_ln688 | select    | auto_sel                 | 0       |
|     empty_fu_207_p3                                                                                                            |     |        | empty        | select    | auto_sel                 | 0       |
|     add_ln688_1_fu_215_p2                                                                                                      |     |        | add_ln688_1  | add       | fabric                   | 0       |
|     add_ln691_fu_237_p2                                                                                                        |     |        | add_ln691    | add       | fabric                   | 0       |
|     add_ln692_fu_243_p2                                                                                                        |     |        | add_ln692    | add       | fabric                   | 0       |
|     add_ln689_fu_256_p2                                                                                                        |     |        | add_ln689    | add       | fabric                   | 0       |
|   + lora_project_backward_impl_4_256_4_s                                                                                       | 37  |        |              |           |                          |         |
|     fadd_32ns_32ns_32_2_full_dsp_1_U834                                                                                        | 3   |        | scale        | fmul      | maxdsp                   | 1       |
|     fadd_32ns_32ns_32_2_full_dsp_1_U833                                                                                        |     |        | empty        | adapter   | m_axi                    | 0       |
|     fmul_32ns_32ns_32_2_max_dsp_1_U835                                                                                         |     |        | empty_157    | adapter   | m_axi                    | 0       |
|    + lora_project_backward_impl_4_256_4_Outline_VITIS_LOOP_85_1                                                                | 0   |        |              |           |                          |         |
|      icmp_ln85_fu_184_p2                                                                                                       |     |        | icmp_ln85    | seteq     | auto                     | 0       |
|      add_ln85_1_fu_190_p2                                                                                                      |     |        | add_ln85_1   | add       | fabric                   | 0       |
|      add_ln85_fu_212_p2                                                                                                        |     |        | add_ln85     | add       | fabric                   | 0       |
|      icmp_ln86_fu_245_p2                                                                                                       |     |        | icmp_ln86    | seteq     | auto                     | 0       |
|      add_ln86_fu_251_p2                                                                                                        |     |        | add_ln86     | add       | fabric                   | 0       |
|      add_ln106_fu_265_p2                                                                                                       |     |        | add_ln106    | add       | fabric                   | 0       |
|     + lora_project_backward_impl_4_256_4_Pipeline_2                                                                            | 0   |        |              |           |                          |         |
|       exitcond_i26_fu_82_p2                                                                                                    |     |        | exitcond_i26 | seteq     | auto                     | 0       |
|       empty_154_fu_88_p2                                                                                                       |     |        | empty_154    | add       | fabric                   | 0       |
|     + lora_project_backward_impl_4_256_4_Pipeline_VITIS_LOOP_91_3                                                              | 0   |        |              |           |                          |         |
|       icmp_ln91_fu_209_p2                                                                                                      |     |        | icmp_ln91    | seteq     | auto                     | 0       |
|       add_ln91_fu_215_p2                                                                                                       |     |        | add_ln91     | add       | fabric                   | 0       |
|       add_ln97_fu_243_p2                                                                                                       |     |        | add_ln97     | add       | fabric                   | 0       |
|       sparsemux_9_2_32_1_1_U591                                                                                                |     |        | tmp          | sparsemux | compactencoding_dontcare | 0       |
|    + lora_project_backward_impl_4_256_4_Pipeline_VITIS_LOOP_231_1                                                              | 1   |        |              |           |                          |         |
|      icmp_ln231_fu_178_p2                                                                                                      |     |        | icmp_ln231   | seteq     | auto                     | 0       |
|      add_ln231_fu_184_p2                                                                                                       |     |        | add_ln231    | add       | fabric                   | 0       |
|      mul_10ns_12ns_21_1_1_U610                                                                                                 | 1   |        | mul_ln231    | mul       | auto                     | 0       |
|      add_ln231_1_fu_235_p2                                                                                                     |     |        | add_ln231_1  | add       | fabric                   | 0       |
|      icmp_ln231_1_fu_241_p2                                                                                                    |     |        | icmp_ln231_1 | seteq     | auto                     | 0       |
|      select_ln231_fu_247_p3                                                                                                    |     |        | select_ln231 | select    | auto_sel                 | 0       |
|    + gemm_backward_dIn1_4_4_256_s                                                                                              | 1   |        |              |           |                          |         |
|      icmp_ln22_fu_349_p2                                                                                                       |     |        | icmp_ln22    | seteq     | auto                     | 0       |
|      add_ln22_fu_355_p2                                                                                                        |     |        | add_ln22     | add       | fabric                   | 0       |
|      icmp_ln27_fu_372_p2                                                                                                       |     |        | icmp_ln27    | seteq     | auto                     | 0       |
|      add_ln27_fu_378_p2                                                                                                        |     |        | add_ln27     | add       | fabric                   | 0       |
|      add_ln40_fu_388_p2                                                                                                        |     |        | add_ln40     | add       | fabric                   | 0       |
|      mul_4ns_6ns_9_1_1_U669                                                                                                    |     |        | mul_ln40     | mul       | auto                     | 0       |
|      urem_4ns_4ns_3_8_seq_1_U670                                                                                               |     |        | urem_ln40    | urem      | auto_seq                 | 7       |
|     + gemm_backward_dIn1_4_4_256_Pipeline_VITIS_LOOP_25_2                                                                      | 1   |        |              |           |                          |         |
|       icmp_ln25_fu_297_p2                                                                                                      |     |        | icmp_ln25    | seteq     | auto                     | 0       |
|       add_ln25_5_fu_303_p2                                                                                                     |     |        | add_ln25_5   | add       | fabric                   | 0       |
|       add_ln25_fu_323_p2                                                                                                       |     |        | add_ln25     | add       | fabric                   | 0       |
|       mul_10ns_12ns_21_1_1_U619                                                                                                | 1   |        | mul_ln25     | mul       | auto                     | 0       |
|       urem_9ns_4ns_3_13_1_U620                                                                                                 |     |        | urem_ln25    | urem      | auto                     | 12      |
|       sparsemux_11_3_32_1_1_U621                                                                                               |     |        | tmp          | sparsemux | compactencoding_dontcare | 0       |
|     + gemm_backward_dIn1_4_4_256_Pipeline_VITIS_LOOP_32_5                                                                      | 0   |        |              |           |                          |         |
|       add_ln32_fu_462_p2                                                                                                       |     |        | add_ln32     | add       | fabric                   | 0       |
|     + gemm_backward_dIn1_4_4_256_Pipeline_VITIS_LOOP_39_7                                                                      | 0   |        |              |           |                          |         |
|       icmp_ln39_fu_148_p2                                                                                                      |     |        | icmp_ln39    | seteq     | auto                     | 0       |
|       add_ln39_fu_154_p2                                                                                                       |     |        | add_ln39     | add       | fabric                   | 0       |
|       sparsemux_17_3_32_1_1_U659                                                                                               |     |        | tmp_s        | sparsemux | compactencoding_dontcare | 0       |
|    + gemm_backward_dIn1_4_256_256_s (grp_gemm_backward_dIn1_4_256_256_s_fu_309)                                                | 5   |        |              |           |                          |         |
|      icmp_ln22_fu_266_p2                                                                                                       |     |        | icmp_ln22    | seteq     | auto                     | 0       |
|      add_ln22_fu_272_p2                                                                                                        |     |        | add_ln22     | add       | fabric                   | 0       |
|      icmp_ln27_fu_291_p2                                                                                                       |     |        | icmp_ln27    | seteq     | auto                     | 0       |
|      add_ln27_fu_297_p2                                                                                                        |     |        | add_ln27     | add       | fabric                   | 0       |
|      add_ln40_fu_307_p2                                                                                                        |     |        | add_ln40     | add       | fabric                   | 0       |
|     + gemm_backward_dIn1_4_256_256_Pipeline_VITIS_LOOP_25_2 (grp_gemm_backward_dIn1_4_256_256_Pipeline_VITIS_LOOP_25_2_fu_187) | 0   |        |              |           |                          |         |
|       icmp_ln25_fu_211_p2                                                                                                      |     |        | icmp_ln25    | seteq     | auto                     | 0       |
|       add_ln25_7_fu_217_p2                                                                                                     |     |        | add_ln25_7   | add       | fabric                   | 0       |
|       add_ln25_fu_241_p2                                                                                                       |     |        | add_ln25     | add       | fabric                   | 0       |
|     + gemm_backward_dIn1_4_256_256_Pipeline_VITIS_LOOP_32_5 (grp_gemm_backward_dIn1_4_256_256_Pipeline_VITIS_LOOP_32_5_fu_202) | 3   |        |              |           |                          |         |
|       fmul_32ns_32ns_32_2_max_dsp_1_U254                                                                                       | 3   |        | mul          | fmul      | maxdsp                   | 1       |
|       fmul_32ns_32ns_32_2_max_dsp_1_U254                                                                                       | 3   |        | mul37_1      | fmul      | maxdsp                   | 1       |
|       fmul_32ns_32ns_32_2_max_dsp_1_U254                                                                                       | 3   |        | mul37_2      | fmul      | maxdsp                   | 1       |
|       fmul_32ns_32ns_32_2_max_dsp_1_U254                                                                                       | 3   |        | mul37_3      | fmul      | maxdsp                   | 1       |
|       fmul_32ns_32ns_32_2_max_dsp_1_U254                                                                                       | 3   |        | mul37_4      | fmul      | maxdsp                   | 1       |
|       fmul_32ns_32ns_32_2_max_dsp_1_U254                                                                                       | 3   |        | mul37_5      | fmul      | maxdsp                   | 1       |
|       fmul_32ns_32ns_32_2_max_dsp_1_U254                                                                                       | 3   |        | mul37_6      | fmul      | maxdsp                   | 1       |
|       fmul_32ns_32ns_32_2_max_dsp_1_U254                                                                                       | 3   |        | mul37_7      | fmul      | maxdsp                   | 1       |
|       add_ln32_fu_462_p2                                                                                                       |     |        | add_ln32     | add       | fabric                   | 0       |
|     + gemm_backward_dIn1_4_256_256_Pipeline_VITIS_LOOP_39_7 (grp_gemm_backward_dIn1_4_256_256_Pipeline_VITIS_LOOP_39_7_fu_225) | 0   |        |              |           |                          |         |
|       icmp_ln39_fu_148_p2                                                                                                      |     |        | icmp_ln39    | seteq     | auto                     | 0       |
|       add_ln39_fu_154_p2                                                                                                       |     |        | add_ln39     | add       | fabric                   | 0       |
|       sparsemux_17_3_32_1_1_U274                                                                                               |     |        | tmp          | sparsemux | compactencoding_dontcare | 0       |
|    + lora_project_backward_impl_4_256_4_Outline_VITIS_LOOP_47_1                                                                | 8   |        |              |           |                          |         |
|      icmp_ln47_fu_124_p2                                                                                                       |     |        | icmp_ln47    | seteq     | auto                     | 0       |
|      add_ln47_fu_130_p2                                                                                                        |     |        | add_ln47     | add       | fabric                   | 0       |
|     + lora_project_backward_impl_4_256_4_Pipeline_VITIS_LOOP_50_2                                                              | 0   |        |              |           |                          |         |
|       icmp_ln50_fu_125_p2                                                                                                      |     |        | icmp_ln50    | seteq     | auto                     | 0       |
|       add_ln50_2_fu_131_p2                                                                                                     |     |        | add_ln50_2   | add       | fabric                   | 0       |
|     + lora_project_backward_impl_4_256_4_Pipeline_VITIS_LOOP_52_3                                                              | 8   |        |              |           |                          |         |
|       icmp_ln52_fu_395_p2                                                                                                      |     |        | icmp_ln52    | seteq     | auto                     | 0       |
|       add_ln52_fu_401_p2                                                                                                       |     |        | add_ln52     | add       | fabric                   | 0       |
|       add_ln53_fu_410_p2                                                                                                       |     |        | add_ln53     | add       | fabric                   | 0       |
|       icmp_ln53_fu_416_p2                                                                                                      |     |        | icmp_ln53    | seteq     | auto                     | 0       |
|       select_ln53_fu_422_p3                                                                                                    |     |        | select_ln53  | select    | auto_sel                 | 0       |
|       mul_8ns_10ns_17_1_1_U701                                                                                                 |     |        | mul_ln52     | mul       | auto                     | 0       |
|       sparsemux_11_3_32_1_1_U705                                                                                               |     |        | tmp_9        | sparsemux | compactencoding_dontcare | 0       |
|       mul_9ns_11ns_19_1_1_U702                                                                                                 | 1   |        | mul_ln56     | mul       | auto                     | 0       |
|       sparsemux_11_3_32_1_1_x0_U706                                                                                            |     |        | tmp_s        | sparsemux | compactencoding_dontcare | 0       |
|       mul_10ns_12ns_21_1_1_U703                                                                                                | 1   |        | mul_ln56_3   | mul       | auto                     | 0       |
|       sparsemux_11_3_32_1_1_x_U707                                                                                             |     |        | tmp_1        | sparsemux | compactencoding_dontcare | 0       |
|       mul_10ns_12ns_21_1_1_U704                                                                                                | 1   |        | mul_ln56_4   | mul       | auto                     | 0       |
|       sparsemux_11_3_32_1_1_x_U708                                                                                             |     |        | tmp_2        | sparsemux | compactencoding_dontcare | 0       |
|       fmul_32ns_32ns_32_2_max_dsp_1_U700                                                                                       | 3   |        | mul22_3_i    | fmul      | maxdsp                   | 1       |
|       fadd_32ns_32ns_32_2_full_dsp_1_U696                                                                                      | 2   |        | sum_6        | fadd      | fulldsp                  | 1       |
|    + lora_project_backward_impl_4_256_4_Outline_VITIS_LOOP_22_1                                                                | 0   |        |              |           |                          |         |
|      icmp_ln22_fu_148_p2                                                                                                       |     |        | icmp_ln22    | seteq     | auto                     | 0       |
|      add_ln22_fu_154_p2                                                                                                        |     |        | add_ln22     | add       | fabric                   | 0       |
|     + lora_project_backward_impl_4_256_4_Pipeline_VITIS_LOOP_25_2                                                              | 0   |        |              |           |                          |         |
|       icmp_ln25_fu_201_p2                                                                                                      |     |        | icmp_ln25    | seteq     | auto                     | 0       |
|       add_ln25_1_fu_207_p2                                                                                                     |     |        | add_ln25_1   | add       | fabric                   | 0       |
|       add_ln25_fu_221_p2                                                                                                       |     |        | add_ln25     | add       | fabric                   | 0       |
|       mul_4ns_6ns_9_1_1_U736                                                                                                   |     |        | mul_ln25     | mul       | auto                     | 0       |
|       urem_4ns_4ns_3_8_1_U737                                                                                                  |     |        | urem_ln25    | urem      | auto                     | 7       |
|       sparsemux_11_3_32_1_1_U738                                                                                               |     |        | a            | sparsemux | compactencoding_dontcare | 0       |
|     + lora_project_backward_impl_4_256_4_Pipeline_VITIS_LOOP_27_3                                                              | 0   |        |              |           |                          |         |
|       icmp_ln27_fu_167_p2                                                                                                      |     |        | icmp_ln27    | seteq     | auto                     | 0       |
|       add_ln27_fu_173_p2                                                                                                       |     |        | add_ln27     | add       | fabric                   | 0       |
|       add_ln40_fu_183_p2                                                                                                       |     |        | add_ln40     | add       | fabric                   | 0       |
|    + lora_project_backward_impl_4_256_4_Outline_VITIS_LOOP_47_11                                                               | 0   |        |              |           |                          |         |
|      icmp_ln47_fu_175_p2                                                                                                       |     |        | icmp_ln47    | seteq     | auto                     | 0       |
|      add_ln47_fu_181_p2                                                                                                        |     |        | add_ln47     | add       | fabric                   | 0       |
|     + lora_project_backward_impl_4_256_4_Pipeline_VITIS_LOOP_50_22                                                             | 0   |        |              |           |                          |         |
|       icmp_ln50_fu_156_p2                                                                                                      |     |        | icmp_ln50    | seteq     | auto                     | 0       |
|       add_ln50_fu_162_p2                                                                                                       |     |        | add_ln50     | add       | fabric                   | 0       |
|       add_ln50_2_fu_186_p2                                                                                                     |     |        | add_ln50_2   | add       | fabric                   | 0       |
|     + lora_project_backward_impl_4_256_4_Pipeline_VITIS_LOOP_52_33                                                             | 0   |        |              |           |                          |         |
|       icmp_ln52_1_fu_351_p2                                                                                                    |     |        | icmp_ln52_1  | seteq     | auto                     | 0       |
|       add_ln52_1_fu_357_p2                                                                                                     |     |        | add_ln52_1   | add       | fabric                   | 0       |
|       sparsemux_9_2_32_1_1_U786                                                                                                |     |        | tmp_3        | sparsemux | compactencoding_dontcare | 0       |
|       icmp_ln56_fu_392_p2                                                                                                      |     |        | icmp_ln56    | setlt     | auto                     | 0       |
|       select_ln56_fu_398_p3                                                                                                    |     |        | select_ln56  | select    | auto_sel                 | 0       |
|       sparsemux_9_2_32_1_1_x_U789                                                                                              |     |        | tmp_4        | sparsemux | compactencoding_dontcare | 0       |
|       mul_4ns_6ns_9_1_1_U787                                                                                                   |     |        | mul_ln56     | mul       | auto                     | 0       |
|       sparsemux_9_2_32_1_1_x_U790                                                                                              |     |        | tmp_5        | sparsemux | compactencoding_dontcare | 0       |
|       mul_4ns_6ns_9_1_1_U788                                                                                                   |     |        | mul_ln56_3   | mul       | auto                     | 0       |
|       sparsemux_9_2_32_1_1_x_U791                                                                                              |     |        | tmp_6        | sparsemux | compactencoding_dontcare | 0       |
|    + lora_project_backward_impl_4_256_4_Pipeline_VITIS_LOOP_247_2                                                              | 0   |        |              |           |                          |         |
|      icmp_ln247_fu_87_p2                                                                                                       |     |        | icmp_ln247   | seteq     | auto                     | 0       |
|      add_ln247_fu_93_p2                                                                                                        |     |        | add_ln247    | add       | fabric                   | 0       |
|   + multi_head_lora_backward_impl_4_256_4_4_Pipeline_VITIS_LOOP_713_6                                                          | 0   |        |              |           |                          |         |
|     icmp_ln713_fu_106_p2                                                                                                       |     |        | icmp_ln713   | seteq     | auto                     | 0       |
|     add_ln713_fu_112_p2                                                                                                        |     |        | add_ln713    | add       | fabric                   | 0       |
|  + transformer_block_lora_backward_Pipeline_VITIS_LOOP_808_2                                                                   | 0   |        |              |           |                          |         |
|    icmp_ln808_fu_114_p2                                                                                                        |     |        | icmp_ln808   | seteq     | auto                     | 0       |
|    add_ln808_fu_120_p2                                                                                                         |     |        | add_ln808    | add       | fabric                   | 0       |
+--------------------------------------------------------------------------------------------------------------------------------+-----+--------+--------------+-----------+--------------------------+---------+


================================================================
== Storage Report
================================================================
+---------------------------------------------------------------------------------+--------------+-----------+------+------+--------+--------+------------------+------+---------+------------------+
| Name                                                                            | Usage        | Type      | BRAM | URAM | CE_REG | Pragma | Variable         | Impl | Latency | Bitwidth, Depth, |
|                                                                                 |              |           |      |      |        |        |                  |      |         | Banks            |
+---------------------------------------------------------------------------------+--------------+-----------+------+------+--------+--------+------------------+------+---------+------------------+
| + transformer_block_lora_backward                                               |              |           | 144  | 0    |        |        |                  |      |         |                  |
|   control_s_axi_U                                                               | interface    | s_axilite |      |      |        |        |                  |      |         |                  |
|   gmem0_m_axi_U                                                                 | interface    | m_axi     | 2    |      |        |        |                  |      |         |                  |
|   gmem1_m_axi_U                                                                 | interface    | m_axi     | 2    |      |        |        |                  |      |         |                  |
|   gmem10_m_axi_U                                                                | interface    | m_axi     | 2    |      |        |        |                  |      |         |                  |
|   gmem11_m_axi_U                                                                | interface    | m_axi     | 2    |      |        |        |                  |      |         |                  |
|   gmem12_m_axi_U                                                                | interface    | m_axi     | 2    |      |        |        |                  |      |         |                  |
|   gmem13_m_axi_U                                                                | interface    | m_axi     | 2    |      |        |        |                  |      |         |                  |
|   gmem14_m_axi_U                                                                | interface    | m_axi     | 2    |      |        |        |                  |      |         |                  |
|   gmem15_m_axi_U                                                                | interface    | m_axi     | 2    |      |        |        |                  |      |         |                  |
|   gmem16_m_axi_U                                                                | interface    | m_axi     | 2    |      |        |        |                  |      |         |                  |
|   gmem17_m_axi_U                                                                | interface    | m_axi     | 2    |      |        |        |                  |      |         |                  |
|   gmem18_m_axi_U                                                                | interface    | m_axi     | 2    |      |        |        |                  |      |         |                  |
|   gmem19_m_axi_U                                                                | interface    | m_axi     | 2    |      |        |        |                  |      |         |                  |
|   gmem2_m_axi_U                                                                 | interface    | m_axi     | 2    |      |        |        |                  |      |         |                  |
|   gmem20_m_axi_U                                                                | interface    | m_axi     |      |      |        |        |                  |      |         |                  |
|   gmem21_m_axi_U                                                                | interface    | m_axi     |      |      |        |        |                  |      |         |                  |
|   gmem22_m_axi_U                                                                | interface    | m_axi     |      |      |        |        |                  |      |         |                  |
|   gmem23_m_axi_U                                                                | interface    | m_axi     |      |      |        |        |                  |      |         |                  |
|   gmem24_m_axi_U                                                                | interface    | m_axi     |      |      |        |        |                  |      |         |                  |
|   gmem3_m_axi_U                                                                 | interface    | m_axi     | 2    |      |        |        |                  |      |         |                  |
|   gmem4_m_axi_U                                                                 | interface    | m_axi     | 2    |      |        |        |                  |      |         |                  |
|   gmem5_m_axi_U                                                                 | interface    | m_axi     | 2    |      |        |        |                  |      |         |                  |
|   gmem6_m_axi_U                                                                 | interface    | m_axi     | 2    |      |        |        |                  |      |         |                  |
|   gmem7_m_axi_U                                                                 | interface    | m_axi     | 2    |      |        |        |                  |      |         |                  |
|   gmem8_m_axi_U                                                                 | interface    | m_axi     | 2    |      |        |        |                  |      |         |                  |
|   gmem9_m_axi_U                                                                 | interface    | m_axi     | 2    |      |        |        |                  |      |         |                  |
|   d_inner_gelu_U                                                                | ram_1p array |           | 4    |      | N      |        | d_inner_gelu     | auto | 1       | 32, 2048, 1      |
|   d_inner_U                                                                     | ram_1p array |           | 4    |      | N      |        | d_inner          | auto | 1       | 32, 2048, 1      |
|   dLayer4_U                                                                     | ram_1p array |           | 2    |      | N      |        | dLayer4          | auto | 1       | 32, 1024, 1      |
|   dLayer3_from_ln2_U                                                            | ram_1p array |           | 2    |      | N      |        | dLayer3_from_ln2 | auto | 1       | 32, 1024, 1      |
|   dLayer3_U                                                                     | ram_1p array |           | 2    |      | N      |        | dLayer3          | auto | 1       | 32, 1024, 1      |
|   dLayer1_U                                                                     | ram_1p array |           | 2    |      | N      |        | dLayer1          | auto | 1       | 32, 1024, 1      |
|   dX_from_ln1_U                                                                 | ram_1p array |           | 2    |      | N      |        | dX_from_ln1      | auto | 1       | 32, 1024, 1      |
|  + gemm_backward_dIn1_4_512_256_s                                               |              |           | 8    | 0    |        |        |                  |      |         |                  |
|    a_U                                                                          | ram_1p array |           | 1    |      | N      |        | a                | auto | 1       | 32, 32, 1        |
|    a_1_U                                                                        | ram_1p array |           | 1    |      | N      |        | a_1              | auto | 1       | 32, 32, 1        |
|    a_2_U                                                                        | ram_1p array |           | 1    |      | N      |        | a_2              | auto | 1       | 32, 32, 1        |
|    a_3_U                                                                        | ram_1p array |           | 1    |      | N      |        | a_3              | auto | 1       | 32, 32, 1        |
|    a_4_U                                                                        | ram_1p array |           | 1    |      | N      |        | a_4              | auto | 1       | 32, 32, 1        |
|    a_5_U                                                                        | ram_1p array |           | 1    |      | N      |        | a_5              | auto | 1       | 32, 32, 1        |
|    a_6_U                                                                        | ram_1p array |           | 1    |      | N      |        | a_6              | auto | 1       | 32, 32, 1        |
|    a_7_U                                                                        | ram_1p array |           | 1    |      | N      |        | a_7              | auto | 1       | 32, 32, 1        |
|  + gemm_backward_dIn1_4_256_512_s                                               |              |           | 8    | 0    |        |        |                  |      |         |                  |
|    a_U                                                                          | ram_1p array |           | 1    |      | N      |        | a                | auto | 1       | 32, 64, 1        |
|    a_1_U                                                                        | ram_1p array |           | 1    |      | N      |        | a_1              | auto | 1       | 32, 64, 1        |
|    a_2_U                                                                        | ram_1p array |           | 1    |      | N      |        | a_2              | auto | 1       | 32, 64, 1        |
|    a_3_U                                                                        | ram_1p array |           | 1    |      | N      |        | a_3              | auto | 1       | 32, 64, 1        |
|    a_4_U                                                                        | ram_1p array |           | 1    |      | N      |        | a_4              | auto | 1       | 32, 64, 1        |
|    a_5_U                                                                        | ram_1p array |           | 1    |      | N      |        | a_5              | auto | 1       | 32, 64, 1        |
|    a_6_U                                                                        | ram_1p array |           | 1    |      | N      |        | a_6              | auto | 1       | 32, 64, 1        |
|    a_7_U                                                                        | ram_1p array |           | 1    |      | N      |        | a_7              | auto | 1       | 32, 64, 1        |
|  + multi_head_lora_backward_impl_4_256_4_4_s                                    |              |           | 70   | 0    |        |        |                  |      |         |                  |
|    fadd_32ns_32ns_32_2_full_dsp_1_U868                                          | ram_1p array |           | 2    |      | N      |        | dConcatenated    | auto | 1       | 32, 1024, 1      |
|    dQ_U                                                                         | ram_1p array |           | 2    |      | N      |        | dQ               | auto | 1       | 32, 1024, 1      |
|    dK_U                                                                         | ram_1p array |           | 2    |      | N      |        | dK               | auto | 1       | 32, 1024, 1      |
|    dV_U                                                                         | ram_1p array |           | 2    |      | N      |        | dV               | auto | 1       | 32, 1024, 1      |
|    Q_h_U                                                                        | ram_1p array |           | 1    |      | N      |        | Q_h              | auto | 1       | 32, 256, 1       |
|    K_h_U                                                                        | ram_1p array |           | 1    |      | N      |        | K_h              | auto | 1       | 32, 256, 1       |
|    V_h_U                                                                        | ram_2p array |           | 2    |      | N      |        | V_h              | auto | 1       | 32, 64, 1        |
|    V_h_1_U                                                                      | ram_2p array |           | 2    |      | N      |        | V_h_1            | auto | 1       | 32, 64, 1        |
|    V_h_2_U                                                                      | ram_2p array |           | 2    |      | N      |        | V_h_2            | auto | 1       | 32, 64, 1        |
|    V_h_3_U                                                                      | ram_2p array |           | 2    |      | N      |        | V_h_3            | auto | 1       | 32, 64, 1        |
|    fadd_32ns_32ns_32_2_full_dsp_1_U868                                          | ram_1p array |           | 1    |      | N      |        | dHeadOut         | auto | 1       | 32, 52, 1        |
|    dHeadOut_1_U                                                                 | ram_1p array |           | 1    |      | N      |        | dHeadOut_1       | auto | 1       | 32, 52, 1        |
|    dHeadOut_2_U                                                                 | ram_1p array |           | 1    |      | N      |        | dHeadOut_2       | auto | 1       | 32, 52, 1        |
|    dHeadOut_3_U                                                                 | ram_1p array |           | 1    |      | N      |        | dHeadOut_3       | auto | 1       | 32, 52, 1        |
|    dHeadOut_4_U                                                                 | ram_1p array |           | 1    |      | N      |        | dHeadOut_4       | auto | 1       | 32, 52, 1        |
|    dProbs_h_U                                                                   | ram_1p array |           |      |      | N      |        | dProbs_h         | auto | 1       | 32, 16, 1        |
|    dScores_h_U                                                                  | ram_1p array |           |      |      | N      |        | dScores_h        | auto | 1       | 32, 16, 1        |
|    dQ_h_U                                                                       | ram_1p array |           | 1    |      | N      |        | dQ_h             | auto | 1       | 32, 256, 1       |
|    fadd_32ns_32ns_32_2_full_dsp_1_U871                                          | ram_1p array |           | 1    |      | N      |        | dK_h             | auto | 1       | 32, 256, 1       |
|    dV_h_U                                                                       | ram_1p array |           | 1    |      | N      |        | dV_h             | auto | 1       | 32, 256, 1       |
|    dX_q_U                                                                       | ram_1p array |           | 2    |      | N      |        | dX_q             | auto | 1       | 32, 1024, 1      |
|    dX_k_U                                                                       | ram_1p array |           | 2    |      | N      |        | dX_k             | auto | 1       | 32, 1024, 1      |
|    dX_v_U                                                                       | ram_1p array |           | 2    |      | N      |        | dX_v             | auto | 1       | 32, 1024, 1      |
|   + gemm_backward_dIn1_4_256_256_s (grp_gemm_backward_dIn1_4_256_256_s_fu_539)  |              |           | 8    | 0    |        |        |                  |      |         |                  |
|     a_U                                                                         | ram_1p array |           | 1    |      | N      |        | a                | auto | 1       | 32, 32, 1        |
|     a_1_U                                                                       | ram_1p array |           | 1    |      | N      |        | a_1              | auto | 1       | 32, 32, 1        |
|     a_2_U                                                                       | ram_1p array |           | 1    |      | N      |        | a_2              | auto | 1       | 32, 32, 1        |
|     a_3_U                                                                       | ram_1p array |           | 1    |      | N      |        | a_3              | auto | 1       | 32, 32, 1        |
|     a_4_U                                                                       | ram_1p array |           | 1    |      | N      |        | a_4              | auto | 1       | 32, 32, 1        |
|     a_5_U                                                                       | ram_1p array |           | 1    |      | N      |        | a_5              | auto | 1       | 32, 32, 1        |
|     a_6_U                                                                       | ram_1p array |           | 1    |      | N      |        | a_6              | auto | 1       | 32, 32, 1        |
|     a_7_U                                                                       | ram_1p array |           | 1    |      | N      |        | a_7              | auto | 1       | 32, 32, 1        |
|   + gemm_backward_dIn1_4_4_64_s                                                 |              |           | 0    | 0    |        |        |                  |      |         |                  |
|     a_U                                                                         | ram_1p array |           |      |      | N      |        | a                | auto | 1       | 32, 8, 1         |
|     a_1_U                                                                       | ram_1p array |           |      |      | N      |        | a_1              | auto | 1       | 32, 8, 1         |
|     a_2_U                                                                       | ram_1p array |           |      |      | N      |        | a_2              | auto | 1       | 32, 8, 1         |
|     a_3_U                                                                       | ram_1p array |           |      |      | N      |        | a_3              | auto | 1       | 32, 8, 1         |
|     a_4_U                                                                       | ram_1p array |           |      |      | N      |        | a_4              | auto | 1       | 32, 8, 1         |
|     a_5_U                                                                       | ram_1p array |           |      |      | N      |        | a_5              | auto | 1       | 32, 8, 1         |
|     a_6_U                                                                       | ram_1p array |           |      |      | N      |        | a_6              | auto | 1       | 32, 8, 1         |
|     a_7_U                                                                       | ram_1p array |           |      |      | N      |        | a_7              | auto | 1       | 32, 8, 1         |
|   + attention_scores_backward_impl_4_64_s                                       |              |           | 5    | 0    |        |        |                  |      |         |                  |
|     key_T_U                                                                     | ram_2p array |           | 2    |      | N      |        | key_T            | auto | 1       | 32, 128, 1       |
|     key_T_2_U                                                                   | ram_2p array |           | 2    |      | N      |        | key_T_2          | auto | 1       | 32, 128, 1       |
|     draw_U                                                                      | ram_1p array |           |      |      | N      |        | draw             | auto | 1       | 32, 4, 1         |
|     draw_5_U                                                                    | ram_2p array |           |      |      | N      |        | draw_5           | auto | 1       | 32, 4, 1         |
|     draw_6_U                                                                    | ram_2p array |           |      |      | N      |        | draw_6           | auto | 1       | 32, 4, 1         |
|     draw_7_U                                                                    | ram_2p array |           |      |      | N      |        | draw_7           | auto | 1       | 32, 4, 1         |
|     draw_8_U                                                                    | ram_1p array |           |      |      | N      |        | draw_8           | auto | 1       | 32, 4, 1         |
|     dKeyT_U                                                                     | ram_1p array |           | 1    |      | N      |        | dKeyT            | auto | 1       | 32, 256, 1       |
|   + lora_project_backward_impl_4_256_4_s                                        |              |           | 25   | 0    |        |        |                  |      |         |                  |
|     XA_U                                                                        | ram_1p array |           |      |      | N      |        | XA               | auto | 1       | 32, 16, 1        |
|     dUpdate_U                                                                   | ram_1p array |           | 1    |      | N      |        | dUpdate          | auto | 1       | 32, 205, 1       |
|     dUpdate_1_U                                                                 | ram_1p array |           | 1    |      | N      |        | dUpdate_1        | auto | 1       | 32, 205, 1       |
|     dUpdate_2_U                                                                 | ram_1p array |           | 1    |      | N      |        | dUpdate_2        | auto | 1       | 32, 205, 1       |
|     fmul_32ns_32ns_32_2_max_dsp_1_U832                                          | ram_1p array |           | 1    |      | N      |        | dUpdate_3        | auto | 1       | 32, 205, 1       |
|     dUpdate_4_U                                                                 | ram_1p array |           | 1    |      | N      |        | dUpdate_4        | auto | 1       | 32, 205, 1       |
|     fadd_32ns_32ns_32_2_full_dsp_1_U833                                         | ram_1p array |           |      |      | N      |        | dXA              | auto | 1       | 32, 4, 1         |
|     dXA_1_U                                                                     | ram_2p array |           |      |      | N      |        | dXA_1            | auto | 1       | 32, 4, 1         |
|     dXA_2_U                                                                     | ram_2p array |           |      |      | N      |        | dXA_2            | auto | 1       | 32, 4, 1         |
|     dXA_3_U                                                                     | ram_2p array |           |      |      | N      |        | dXA_3            | auto | 1       | 32, 4, 1         |
|     fmul_32ns_32ns_32_2_max_dsp_1_U832                                          | ram_1p array |           |      |      | N      |        | dXA_4            | auto | 1       | 32, 4, 1         |
|     fadd_32ns_32ns_32_2_full_dsp_1_U833                                         | ram_1p array |           | 2    |      | N      |        | dX_fromA         | auto | 1       | 32, 1024, 1      |
|     fmul_32ns_32ns_32_2_max_dsp_1_U832                                          | ram_1p array |           | 2    |      | N      |        | dX_fromW         | auto | 1       | 32, 1024, 1      |
|    + gemm_backward_dIn1_4_4_256_s                                               |              |           | 8    | 0    |        |        |                  |      |         |                  |
|      a_U                                                                        | ram_1p array |           | 1    |      | N      |        | a                | auto | 1       | 32, 32, 1        |
|      a_1_U                                                                      | ram_1p array |           | 1    |      | N      |        | a_1              | auto | 1       | 32, 32, 1        |
|      a_2_U                                                                      | ram_1p array |           | 1    |      | N      |        | a_2              | auto | 1       | 32, 32, 1        |
|      a_3_U                                                                      | ram_1p array |           | 1    |      | N      |        | a_3              | auto | 1       | 32, 32, 1        |
|      a_4_U                                                                      | ram_1p array |           | 1    |      | N      |        | a_4              | auto | 1       | 32, 32, 1        |
|      a_5_U                                                                      | ram_1p array |           | 1    |      | N      |        | a_5              | auto | 1       | 32, 32, 1        |
|      a_6_U                                                                      | ram_1p array |           | 1    |      | N      |        | a_6              | auto | 1       | 32, 32, 1        |
|      a_7_U                                                                      | ram_1p array |           | 1    |      | N      |        | a_7              | auto | 1       | 32, 32, 1        |
|    + gemm_backward_dIn1_4_256_256_s (grp_gemm_backward_dIn1_4_256_256_s_fu_309) |              |           | 8    | 0    |        |        |                  |      |         |                  |
|      a_U                                                                        | ram_1p array |           | 1    |      | N      |        | a                | auto | 1       | 32, 32, 1        |
|      a_1_U                                                                      | ram_1p array |           | 1    |      | N      |        | a_1              | auto | 1       | 32, 32, 1        |
|      a_2_U                                                                      | ram_1p array |           | 1    |      | N      |        | a_2              | auto | 1       | 32, 32, 1        |
|      a_3_U                                                                      | ram_1p array |           | 1    |      | N      |        | a_3              | auto | 1       | 32, 32, 1        |
|      a_4_U                                                                      | ram_1p array |           | 1    |      | N      |        | a_4              | auto | 1       | 32, 32, 1        |
|      a_5_U                                                                      | ram_1p array |           | 1    |      | N      |        | a_5              | auto | 1       | 32, 32, 1        |
|      a_6_U                                                                      | ram_1p array |           | 1    |      | N      |        | a_6              | auto | 1       | 32, 32, 1        |
|      a_7_U                                                                      | ram_1p array |           | 1    |      | N      |        | a_7              | auto | 1       | 32, 32, 1        |
+---------------------------------------------------------------------------------+--------------+-----------+------+------+--------+--------+------------------+------+---------+------------------+


================================================================
== Pragma Report
================================================================
* Inferred Pragmas
+-----------------+----------------------------------------------+-----------------------------------------------------------------------------------------------------------------------------------------------------------------+----------------------------------------------------+
| Type            | Options                                      | Location                                                                                                                                                        | Inferred From                                      |
+-----------------+----------------------------------------------+-----------------------------------------------------------------------------------------------------------------------------------------------------------------+----------------------------------------------------+
| LOOP_FLATTEN    |                                              | loop VITIS_LOOP_117_2 (../transformer/cct_modules.h:117:27) in attention_scores_backward_impl<4, 64> (../transformer/cct_modules.h:117)                         | pipeline ../transformer/cct_modules.h:118          |
| ARRAY_PARTITION | dim=1 type=cyclic factor=4 variable=V_h      | variable V_h in multi_head_lora_backward_impl<4, 256, 4, 4> (../transformer/cct_modules_backward.h:657)                                                         | pipeline ../transformer/cct_modules_backward.h:33  |
| ARRAY_PARTITION | dim=1 type=cyclic factor=5 variable=draw     | variable draw in attention_scores_backward_impl<4, 64> (../transformer/cct_modules_backward.h:168)                                                              | pipeline ../transformer/cct_modules_backward.h:53  |
| ARRAY_PARTITION | dim=1 type=cyclic factor=5 variable=dUpdate  | variable dUpdate in lora_project_backward_impl<4, 256, 4> (../transformer/cct_modules_backward.h:230)                                                           | pipeline ../transformer/cct_modules_backward.h:53  |
| ARRAY_PARTITION | dim=1 type=cyclic factor=5 variable=dXA      | variable dXA in lora_project_backward_impl<4, 256, 4> (../transformer/cct_modules_backward.h:236)                                                               | pipeline ../transformer/cct_modules_backward.h:53  |
| ARRAY_PARTITION | dim=1 type=cyclic factor=5 variable=dHeadOut | variable dHeadOut in multi_head_lora_backward_impl<4, 256, 4, 4> (../transformer/cct_modules_backward.h:658)                                                    | pipeline ../transformer/cct_modules_backward.h:53  |
| LOOP_FLATTEN    |                                              | loop VITIS_LOOP_661_3 (../transformer/cct_modules_backward.h:661:31) in multi_head_lora_backward_impl<4, 256, 4, 4> (../transformer/cct_modules_backward.h:661) | pipeline ../transformer/cct_modules_backward.h:662 |
| LOOP_FLATTEN    |                                              | loop VITIS_LOOP_689_5 (../transformer/cct_modules_backward.h:689:31) in multi_head_lora_backward_impl<4, 256, 4, 4> (../transformer/cct_modules_backward.h:689) | pipeline ../transformer/cct_modules_backward.h:690 |
| ARRAY_PARTITION | dim=1 type=complete variable=partial_sum.i   | variable partial_sum.i in lora_project_backward_impl<4, 256, 4> (../transformer/cct_modules.h:87)                                                               | syn.array_partition.complete_threshold=4           |
| PIPELINE        |                                              | loop VITIS_LOOP_39_7 (../transformer/cct_modules_backward.h:39:30) in gemm_backward_din1<4, 4, 256> (../transformer/cct_modules_backward.h:39)                  | syn.compile.pipeline_loops=64                      |
| PIPELINE        |                                              | loop VITIS_LOOP_30_4 (../transformer/cct_modules_backward.h:30:30) in gemm_backward_din1<4, 4, 256> (../transformer/cct_modules_backward.h:30)                  | syn.compile.pipeline_loops=64                      |
| PIPELINE        |                                              | loop VITIS_LOOP_25_2 (../transformer/cct_modules_backward.h:25:26) in gemm_backward_din1<4, 4, 256> (../transformer/cct_modules_backward.h:25)                  | syn.compile.pipeline_loops=64                      |
| PIPELINE        |                                              | loop VITIS_LOOP_50_2 (../transformer/cct_modules_backward.h:50:26) in lora_project_backward_impl<4, 256, 4> (../transformer/cct_modules_backward.h:50)          | syn.compile.pipeline_loops=64                      |
| PIPELINE        |                                              | loop VITIS_LOOP_27_3 (../transformer/cct_modules_backward.h:27:26) in lora_project_backward_impl<4, 256, 4> (../transformer/cct_modules_backward.h:27)          | syn.compile.pipeline_loops=64                      |
+-----------------+----------------------------------------------+-----------------------------------------------------------------------------------------------------------------------------------------------------------------+----------------------------------------------------+

* Implemented Pragmas
+-----------------+-------------------------------------------+-----------------------------------------------------------------------------------------------------------------------------------------------+
| Type            | Options                                   | Location                                                                                                                                      |
+-----------------+-------------------------------------------+-----------------------------------------------------------------------------------------------------------------------------------------------+
| ARRAY_PARTITION | dim=1 type=complete variable=a.i16        | in lora_project_backward_impl<4, 256, 4> (../transformer/cct_modules_backward.h:24)                                                           |
| ARRAY_PARTITION | dim=1 type=complete variable=part.i       | in lora_project_backward_impl<4, 256, 4> (../transformer/cct_modules_backward.h:29)                                                           |
| ARRAY_PARTITION | dim=1 type=complete variable=a.i.i        | in multi_head_lora_backward_impl<4, 256, 4, 4> (../transformer/cct_modules_backward.h:49)                                                     |
| UNROLL          |                                           | in softmax_backward_impl<4> (../transformer/cct_modules_backward.h:116)                                                                       |
| ARRAY_PARTITION | dim=1 type=complete variable=prob_row.i   | in multi_head_lora_backward_impl<4, 256, 4, 4> (../transformer/cct_modules_backward.h:134)                                                    |
| ARRAY_PARTITION | dim=1 type=complete variable=dprob_row.i  | in multi_head_lora_backward_impl<4, 256, 4, 4> (../transformer/cct_modules_backward.h:135)                                                    |
| ARRAY_PARTITION | dim=1 type=complete variable=dscore_row.i | in multi_head_lora_backward_impl<4, 256, 4, 4> (../transformer/cct_modules_backward.h:136)                                                    |
| INLINE          |                                           | in _zn3hls4expfef (/wrk/ci/prod/2026.1/hls_product/continuous/738/2026.1/src/shared/hls/clib/hlsmath/src/c++/expfloat.cpp:21)                 |
| INLINE          |                                           | in _zn11exp_reduce_3expef (/wrk/ci/prod/2026.1/hls_product/continuous/738/2026.1/src/shared/hls/clib/hlsmath/src/common/hls_exp_float.cpp:16) |
+-----------------+-------------------------------------------+-----------------------------------------------------------------------------------------------------------------------------------------------+

* Valid Pragma Syntax
+-----------------+----------------------------------------------------+---------------------------------------------------------------------------------------------+
| Type            | Options                                            | Location                                                                                    |
+-----------------+----------------------------------------------------+---------------------------------------------------------------------------------------------+
| PIPELINE        | ii=1                                               | in gemv_impl (../transformer/cct_modules.h:12)                                              |
| PIPELINE        | ii=1                                               | in layer_norm_impl (../transformer/cct_modules.h:72)                                        |
| PIPELINE        | ii=1                                               | in gemm_impl (../transformer/cct_modules.h:92)                                              |
| PIPELINE        | ii=1                                               | in transpose_impl (../transformer/cct_modules.h:118)                                        |
| PIPELINE        | ii=1                                               | in lora_project_impl (../transformer/cct_modules.h:445)                                     |
| PIPELINE        | ii=1                                               | in multi_head_lora_impl (../transformer/cct_modules.h:495)                                  |
| PIPELINE        | ii=1                                               | in multi_head_lora_impl (../transformer/cct_modules.h:513)                                  |
| ARRAY_PARTITION | variable=a cyclic factor=P                         | in gemm_backward_din1 (../transformer/cct_modules_backward.h:24)                            |
| ARRAY_PARTITION | variable=part complete                             | in gemm_backward_din1 (../transformer/cct_modules_backward.h:29)                            |
| PIPELINE        |                                                    | in gemm_backward_din1 (../transformer/cct_modules_backward.h:33)                            |
| ARRAY_PARTITION | variable=a complete                                | in gemm_backward_din2 (../transformer/cct_modules_backward.h:49)                            |
| PIPELINE        | ii=1                                               | in gemm_backward_din2 (../transformer/cct_modules_backward.h:53)                            |
| PIPELINE        |                                                    | in layer_norm_backward_impl (../transformer/cct_modules_backward.h:77)                      |
| PIPELINE        |                                                    | in layer_norm_backward_impl (../transformer/cct_modules_backward.h:84)                      |
| PIPELINE        |                                                    | in layer_norm_backward_impl (../transformer/cct_modules_backward.h:94)                      |
| PIPELINE        | ii=1                                               | in layer_norm_backward_impl (../transformer/cct_modules_backward.h:103)                     |
| UNROLL          |                                                    | in softmax_backward_impl (../transformer/cct_modules_backward.h:116)                        |
| PIPELINE        | ii=1                                               | in softmax_backward_impl (../transformer/cct_modules_backward.h:120)                        |
| ARRAY_PARTITION | variable=prob_row complete                         | in attention_softmax_backward_impl (../transformer/cct_modules_backward.h:134)              |
| ARRAY_PARTITION | variable=dprob_row complete                        | in attention_softmax_backward_impl (../transformer/cct_modules_backward.h:135)              |
| ARRAY_PARTITION | variable=dscore_row complete                       | in attention_softmax_backward_impl (../transformer/cct_modules_backward.h:136)              |
| PIPELINE        | ii=1                                               | in attention_softmax_backward_impl (../transformer/cct_modules_backward.h:140)              |
| PIPELINE        |                                                    | in attention_softmax_backward_impl (../transformer/cct_modules_backward.h:148)              |
| PIPELINE        | ii=1                                               | in attention_scores_backward_impl (../transformer/cct_modules_backward.h:170)               |
| PIPELINE        | ii=1                                               | in gelu_backward_impl (../transformer/cct_modules_backward.h:202)                           |
| PIPELINE        | ii=1                                               | in lora_project_backward_impl (../transformer/cct_modules_backward.h:232)                   |
| PIPELINE        | ii=1                                               | in lora_project_backward_impl (../transformer/cct_modules_backward.h:248)                   |
| PIPELINE        | ii=1                                               | in multi_head_forward_train_impl (../transformer/cct_modules_backward.h:337)                |
| PIPELINE        | ii=1                                               | in multi_head_forward_train_impl (../transformer/cct_modules_backward.h:354)                |
| PIPELINE        | ii=1                                               | in multi_head_backward_impl (../transformer/cct_modules_backward.h:401)                     |
| PIPELINE        | ii=1                                               | in multi_head_backward_impl (../transformer/cct_modules_backward.h:429)                     |
| PIPELINE        | ii=1                                               | in multi_head_backward_impl (../transformer/cct_modules_backward.h:454)                     |
| PIPELINE        | ii=1                                               | in transformer_block_backward_impl (../transformer/cct_modules_backward.h:529)              |
| PIPELINE        | ii=1                                               | in transformer_block_backward_impl (../transformer/cct_modules_backward.h:546)              |
| PIPELINE        | ii=1                                               | in multi_head_lora_forward_train_impl (../transformer/cct_modules_backward.h:595)           |
| PIPELINE        | ii=1                                               | in multi_head_lora_forward_train_impl (../transformer/cct_modules_backward.h:612)           |
| PIPELINE        | ii=1                                               | in multi_head_lora_backward_impl (../transformer/cct_modules_backward.h:662)                |
| PIPELINE        | ii=1                                               | in multi_head_lora_backward_impl (../transformer/cct_modules_backward.h:690)                |
| PIPELINE        | ii=1                                               | in multi_head_lora_backward_impl (../transformer/cct_modules_backward.h:714)                |
| PIPELINE        | ii=1                                               | in transformer_block_lora_backward_impl (../transformer/cct_modules_backward.h:792)         |
| PIPELINE        | ii=1                                               | in transformer_block_lora_backward_impl (../transformer/cct_modules_backward.h:809)         |
| INTERFACE       | m_axi port=X offset=slave bundle=gmem0             | in transformer_block_lora_train (../transformer/transformer_block_lora_backward.cpp:35)     |
| INTERFACE       | m_axi port=WQ offset=slave bundle=gmem1            | in transformer_block_lora_train (../transformer/transformer_block_lora_backward.cpp:36)     |
| INTERFACE       | m_axi port=WK offset=slave bundle=gmem2            | in transformer_block_lora_train (../transformer/transformer_block_lora_backward.cpp:37)     |
| INTERFACE       | m_axi port=WV offset=slave bundle=gmem3            | in transformer_block_lora_train (../transformer/transformer_block_lora_backward.cpp:38)     |
| INTERFACE       | m_axi port=WO offset=slave bundle=gmem4            | in transformer_block_lora_train (../transformer/transformer_block_lora_backward.cpp:39)     |
| INTERFACE       | m_axi port=lora_AQ offset=slave bundle=gmem5       | in transformer_block_lora_train (../transformer/transformer_block_lora_backward.cpp:40)     |
| INTERFACE       | m_axi port=lora_BQ offset=slave bundle=gmem6       | in transformer_block_lora_train (../transformer/transformer_block_lora_backward.cpp:41)     |
| INTERFACE       | m_axi port=lora_AV offset=slave bundle=gmem7       | in transformer_block_lora_train (../transformer/transformer_block_lora_backward.cpp:42)     |
| INTERFACE       | m_axi port=lora_BV offset=slave bundle=gmem8       | in transformer_block_lora_train (../transformer/transformer_block_lora_backward.cpp:43)     |
| INTERFACE       | m_axi port=W1 offset=slave bundle=gmem9            | in transformer_block_lora_train (../transformer/transformer_block_lora_backward.cpp:44)     |
| INTERFACE       | m_axi port=W2 offset=slave bundle=gmem10           | in transformer_block_lora_train (../transformer/transformer_block_lora_backward.cpp:45)     |
| INTERFACE       | m_axi port=out offset=slave bundle=gmem11          | in transformer_block_lora_train (../transformer/transformer_block_lora_backward.cpp:46)     |
| INTERFACE       | m_axi port=layer1_cache offset=slave bundle=gmem12 | in transformer_block_lora_train (../transformer/transformer_block_lora_backward.cpp:47)     |
| INTERFACE       | m_axi port=Q_cache offset=slave bundle=gmem13      | in transformer_block_lora_train (../transformer/transformer_block_lora_backward.cpp:48)     |
| INTERFACE       | m_axi port=K_cache offset=slave bundle=gmem14      | in transformer_block_lora_train (../transformer/transformer_block_lora_backward.cpp:49)     |
| INTERFACE       | m_axi port=V_cache offset=slave bundle=gmem15      | in transformer_block_lora_train (../transformer/transformer_block_lora_backward.cpp:50)     |
| INTERFACE       | m_axi port=probs_cache offset=slave bundle=gmem16  | in transformer_block_lora_train (../transformer/transformer_block_lora_backward.cpp:51)     |
| INTERFACE       | m_axi port=layer3_cache offset=slave bundle=gmem17 | in transformer_block_lora_train (../transformer/transformer_block_lora_backward.cpp:52)     |
| INTERFACE       | m_axi port=layer4_cache offset=slave bundle=gmem18 | in transformer_block_lora_train (../transformer/transformer_block_lora_backward.cpp:53)     |
| INTERFACE       | m_axi port=inner_cache offset=slave bundle=gmem19  | in transformer_block_lora_train (../transformer/transformer_block_lora_backward.cpp:54)     |
| INTERFACE       | s_axilite port=X bundle=control                    | in transformer_block_lora_train (../transformer/transformer_block_lora_backward.cpp:56)     |
| INTERFACE       | s_axilite port=WQ bundle=control                   | in transformer_block_lora_train (../transformer/transformer_block_lora_backward.cpp:57)     |
| INTERFACE       | s_axilite port=WK bundle=control                   | in transformer_block_lora_train (../transformer/transformer_block_lora_backward.cpp:58)     |
| INTERFACE       | s_axilite port=WV bundle=control                   | in transformer_block_lora_train (../transformer/transformer_block_lora_backward.cpp:59)     |
| INTERFACE       | s_axilite port=WO bundle=control                   | in transformer_block_lora_train (../transformer/transformer_block_lora_backward.cpp:60)     |
| INTERFACE       | s_axilite port=lora_AQ bundle=control              | in transformer_block_lora_train (../transformer/transformer_block_lora_backward.cpp:61)     |
| INTERFACE       | s_axilite port=lora_BQ bundle=control              | in transformer_block_lora_train (../transformer/transformer_block_lora_backward.cpp:62)     |
| INTERFACE       | s_axilite port=lora_AV bundle=control              | in transformer_block_lora_train (../transformer/transformer_block_lora_backward.cpp:63)     |
| INTERFACE       | s_axilite port=lora_BV bundle=control              | in transformer_block_lora_train (../transformer/transformer_block_lora_backward.cpp:64)     |
| INTERFACE       | s_axilite port=lora_alpha bundle=control           | in transformer_block_lora_train (../transformer/transformer_block_lora_backward.cpp:65)     |
| INTERFACE       | s_axilite port=W1 bundle=control                   | in transformer_block_lora_train (../transformer/transformer_block_lora_backward.cpp:66)     |
| INTERFACE       | s_axilite port=W2 bundle=control                   | in transformer_block_lora_train (../transformer/transformer_block_lora_backward.cpp:67)     |
| INTERFACE       | s_axilite port=out bundle=control                  | in transformer_block_lora_train (../transformer/transformer_block_lora_backward.cpp:68)     |
| INTERFACE       | s_axilite port=layer1_cache bundle=control         | in transformer_block_lora_train (../transformer/transformer_block_lora_backward.cpp:69)     |
| INTERFACE       | s_axilite port=Q_cache bundle=control              | in transformer_block_lora_train (../transformer/transformer_block_lora_backward.cpp:70)     |
| INTERFACE       | s_axilite port=K_cache bundle=control              | in transformer_block_lora_train (../transformer/transformer_block_lora_backward.cpp:71)     |
| INTERFACE       | s_axilite port=V_cache bundle=control              | in transformer_block_lora_train (../transformer/transformer_block_lora_backward.cpp:72)     |
| INTERFACE       | s_axilite port=probs_cache bundle=control          | in transformer_block_lora_train (../transformer/transformer_block_lora_backward.cpp:73)     |
| INTERFACE       | s_axilite port=layer3_cache bundle=control         | in transformer_block_lora_train (../transformer/transformer_block_lora_backward.cpp:74)     |
| INTERFACE       | s_axilite port=layer4_cache bundle=control         | in transformer_block_lora_train (../transformer/transformer_block_lora_backward.cpp:75)     |
| INTERFACE       | s_axilite port=inner_cache bundle=control          | in transformer_block_lora_train (../transformer/transformer_block_lora_backward.cpp:76)     |
| INTERFACE       | s_axilite port=return bundle=control               | in transformer_block_lora_train (../transformer/transformer_block_lora_backward.cpp:77)     |
| INTERFACE       | m_axi port=X offset=slave bundle=gmem0             | in transformer_block_lora_backward (../transformer/transformer_block_lora_backward.cpp:133) |
| INTERFACE       | m_axi port=WQ offset=slave bundle=gmem1            | in transformer_block_lora_backward (../transformer/transformer_block_lora_backward.cpp:134) |
| INTERFACE       | m_axi port=WK offset=slave bundle=gmem2            | in transformer_block_lora_backward (../transformer/transformer_block_lora_backward.cpp:135) |
| INTERFACE       | m_axi port=WV offset=slave bundle=gmem3            | in transformer_block_lora_backward (../transformer/transformer_block_lora_backward.cpp:136) |
| INTERFACE       | m_axi port=WO offset=slave bundle=gmem4            | in transformer_block_lora_backward (../transformer/transformer_block_lora_backward.cpp:137) |
| INTERFACE       | m_axi port=lora_AQ offset=slave bundle=gmem5       | in transformer_block_lora_backward (../transformer/transformer_block_lora_backward.cpp:138) |
| INTERFACE       | m_axi port=lora_BQ offset=slave bundle=gmem6       | in transformer_block_lora_backward (../transformer/transformer_block_lora_backward.cpp:139) |
| INTERFACE       | m_axi port=lora_AV offset=slave bundle=gmem7       | in transformer_block_lora_backward (../transformer/transformer_block_lora_backward.cpp:140) |
| INTERFACE       | m_axi port=lora_BV offset=slave bundle=gmem8       | in transformer_block_lora_backward (../transformer/transformer_block_lora_backward.cpp:141) |
| INTERFACE       | m_axi port=W1 offset=slave bundle=gmem9            | in transformer_block_lora_backward (../transformer/transformer_block_lora_backward.cpp:142) |
| INTERFACE       | m_axi port=W2 offset=slave bundle=gmem10           | in transformer_block_lora_backward (../transformer/transformer_block_lora_backward.cpp:143) |
| INTERFACE       | m_axi port=layer1_cache offset=slave bundle=gmem11 | in transformer_block_lora_backward (../transformer/transformer_block_lora_backward.cpp:144) |
| INTERFACE       | m_axi port=Q_cache offset=slave bundle=gmem12      | in transformer_block_lora_backward (../transformer/transformer_block_lora_backward.cpp:145) |
| INTERFACE       | m_axi port=K_cache offset=slave bundle=gmem13      | in transformer_block_lora_backward (../transformer/transformer_block_lora_backward.cpp:146) |
| INTERFACE       | m_axi port=V_cache offset=slave bundle=gmem14      | in transformer_block_lora_backward (../transformer/transformer_block_lora_backward.cpp:147) |
| INTERFACE       | m_axi port=probs_cache offset=slave bundle=gmem15  | in transformer_block_lora_backward (../transformer/transformer_block_lora_backward.cpp:148) |
| INTERFACE       | m_axi port=layer3_cache offset=slave bundle=gmem16 | in transformer_block_lora_backward (../transformer/transformer_block_lora_backward.cpp:149) |
| INTERFACE       | m_axi port=layer4_cache offset=slave bundle=gmem17 | in transformer_block_lora_backward (../transformer/transformer_block_lora_backward.cpp:150) |
| INTERFACE       | m_axi port=inner_cache offset=slave bundle=gmem18  | in transformer_block_lora_backward (../transformer/transformer_block_lora_backward.cpp:151) |
| INTERFACE       | m_axi port=dOut offset=slave bundle=gmem19         | in transformer_block_lora_backward (../transformer/transformer_block_lora_backward.cpp:152) |
| INTERFACE       | m_axi port=dX offset=slave bundle=gmem20           | in transformer_block_lora_backward (../transformer/transformer_block_lora_backward.cpp:153) |
| INTERFACE       | m_axi port=dAQ offset=slave bundle=gmem21          | in transformer_block_lora_backward (../transformer/transformer_block_lora_backward.cpp:154) |
| INTERFACE       | m_axi port=dBQ offset=slave bundle=gmem22          | in transformer_block_lora_backward (../transformer/transformer_block_lora_backward.cpp:155) |
| INTERFACE       | m_axi port=dAV offset=slave bundle=gmem23          | in transformer_block_lora_backward (../transformer/transformer_block_lora_backward.cpp:156) |
| INTERFACE       | m_axi port=dBV offset=slave bundle=gmem24          | in transformer_block_lora_backward (../transformer/transformer_block_lora_backward.cpp:157) |
| INTERFACE       | s_axilite port=X bundle=control                    | in transformer_block_lora_backward (../transformer/transformer_block_lora_backward.cpp:159) |
| INTERFACE       | s_axilite port=WQ bundle=control                   | in transformer_block_lora_backward (../transformer/transformer_block_lora_backward.cpp:160) |
| INTERFACE       | s_axilite port=WK bundle=control                   | in transformer_block_lora_backward (../transformer/transformer_block_lora_backward.cpp:161) |
| INTERFACE       | s_axilite port=WV bundle=control                   | in transformer_block_lora_backward (../transformer/transformer_block_lora_backward.cpp:162) |
| INTERFACE       | s_axilite port=WO bundle=control                   | in transformer_block_lora_backward (../transformer/transformer_block_lora_backward.cpp:163) |
| INTERFACE       | s_axilite port=lora_AQ bundle=control              | in transformer_block_lora_backward (../transformer/transformer_block_lora_backward.cpp:164) |
| INTERFACE       | s_axilite port=lora_BQ bundle=control              | in transformer_block_lora_backward (../transformer/transformer_block_lora_backward.cpp:165) |
| INTERFACE       | s_axilite port=lora_AV bundle=control              | in transformer_block_lora_backward (../transformer/transformer_block_lora_backward.cpp:166) |
| INTERFACE       | s_axilite port=lora_BV bundle=control              | in transformer_block_lora_backward (../transformer/transformer_block_lora_backward.cpp:167) |
| INTERFACE       | s_axilite port=lora_alpha bundle=control           | in transformer_block_lora_backward (../transformer/transformer_block_lora_backward.cpp:168) |
| INTERFACE       | s_axilite port=W1 bundle=control                   | in transformer_block_lora_backward (../transformer/transformer_block_lora_backward.cpp:169) |
| INTERFACE       | s_axilite port=W2 bundle=control                   | in transformer_block_lora_backward (../transformer/transformer_block_lora_backward.cpp:170) |
| INTERFACE       | s_axilite port=layer1_cache bundle=control         | in transformer_block_lora_backward (../transformer/transformer_block_lora_backward.cpp:171) |
| INTERFACE       | s_axilite port=Q_cache bundle=control              | in transformer_block_lora_backward (../transformer/transformer_block_lora_backward.cpp:172) |
| INTERFACE       | s_axilite port=K_cache bundle=control              | in transformer_block_lora_backward (../transformer/transformer_block_lora_backward.cpp:173) |
| INTERFACE       | s_axilite port=V_cache bundle=control              | in transformer_block_lora_backward (../transformer/transformer_block_lora_backward.cpp:174) |
| INTERFACE       | s_axilite port=probs_cache bundle=control          | in transformer_block_lora_backward (../transformer/transformer_block_lora_backward.cpp:175) |
| INTERFACE       | s_axilite port=layer3_cache bundle=control         | in transformer_block_lora_backward (../transformer/transformer_block_lora_backward.cpp:176) |
| INTERFACE       | s_axilite port=layer4_cache bundle=control         | in transformer_block_lora_backward (../transformer/transformer_block_lora_backward.cpp:177) |
| INTERFACE       | s_axilite port=inner_cache bundle=control          | in transformer_block_lora_backward (../transformer/transformer_block_lora_backward.cpp:178) |
| INTERFACE       | s_axilite port=dOut bundle=control                 | in transformer_block_lora_backward (../transformer/transformer_block_lora_backward.cpp:179) |
| INTERFACE       | s_axilite port=dX bundle=control                   | in transformer_block_lora_backward (../transformer/transformer_block_lora_backward.cpp:180) |
| INTERFACE       | s_axilite port=dAQ bundle=control                  | in transformer_block_lora_backward (../transformer/transformer_block_lora_backward.cpp:181) |
| INTERFACE       | s_axilite port=dBQ bundle=control                  | in transformer_block_lora_backward (../transformer/transformer_block_lora_backward.cpp:182) |
| INTERFACE       | s_axilite port=dAV bundle=control                  | in transformer_block_lora_backward (../transformer/transformer_block_lora_backward.cpp:183) |
| INTERFACE       | s_axilite port=dBV bundle=control                  | in transformer_block_lora_backward (../transformer/transformer_block_lora_backward.cpp:184) |
| INTERFACE       | s_axilite port=return bundle=control               | in transformer_block_lora_backward (../transformer/transformer_block_lora_backward.cpp:185) |
+-----------------+----------------------------------------------------+---------------------------------------------------------------------------------------------+


