

================================================================
== Synthesis Summary Report of 'transformer_block_lora_backward'
================================================================
+ General Information: 
    * Date:           Mon Oct  5 22:56:46 2026
    * Version:        2026.1 (Build 6493734 on Jun 16 2026)
    * Project:        transformer_block_lora_backward
    * Solution:       hls
    * Product family: zynquplus
    * Target device:  xczu7ev-ffvc1156-2-e
    

* Performance & Resource Estimates: 
+--------------------------------------------------------------------------------------+------+---------------+----------+---------+--------+----------+---------+-----------+-------+-----------+-----------+-------------+-------------+-----+
|                                        Modules                                       | Issue|               | Iteration|         |  Trip  |          |       Latency       |       |           |           |             |             |     |
|                                        & Loops                                       | Type | Violation Type|  Latency | Interval|  Count | Pipelined| (cycles)|    (ns)   | Slack |   BRAM    |    DSP    |      FF     |     LUT     | URAM|
+--------------------------------------------------------------------------------------+------+---------------+----------+---------+--------+----------+---------+-----------+-------+-----------+-----------+-------------+-------------+-----+
|+ transformer_block_lora_backward                                                     |     -|              -|         -|  5621709|       -|        no|  5621708|  8.433e+07|   0.00|  101 (16%)|  257 (14%)|  55851 (12%)|  61144 (26%)|    -|
| + mlp_backward_impl_4_256_512_s                                                      |     -|              -|         -|  3151081|       -|        no|  3151081|  4.727e+07|   0.00|    10 (1%)|  197 (11%)|   19170 (4%)|   18885 (8%)|    -|
|  + mlp_backward_impl_4_256_512_Pipeline_VITIS_LOOP_188_1                             |     -|              -|         -|     2110|       -|       yes|     2110|  3.165e+04|   0.00|          -|  197 (11%)|   18158 (3%)|   16927 (7%)|    -|
|   o VITIS_LOOP_188_1                                                                 |     -|              -|        62|        1|    2048|       yes|     2108|  3.162e+04|  13.00|          -|          -|            -|            -|    -|
|    + generic_erf_float_s                                                             |     -|              -|         -|        1|       -|       yes|       44|    660.000|   0.35|          -|  184 (10%)|   17004 (3%)|   15608 (6%)|    -|
|  o VITIS_LOOP_18_1                                                                   |     -|              -|    393491|        -|       4|        no|  1573964|  2.361e+07|  13.00|          -|          -|            -|            -|    -|
|   + mlp_backward_impl_4_256_512_Pipeline_VITIS_LOOP_20_2                             |     -|              -|         -|      259|       -|       yes|      259|  3.885e+03|   0.00|          -|          -|     65 (~0%)|     82 (~0%)|    -|
|    o VITIS_LOOP_20_2                                                                 |     -|              -|         3|        1|     256|       yes|      257|  3.855e+03|  13.00|          -|          -|            -|            -|    -|
|   + mlp_backward_impl_4_256_512_Pipeline_VITIS_LOOP_21_3_VITIS_LOOP_23_4             |     -|              -|         -|   393221|       -|       yes|   393221|  5.898e+06|   0.00|          -|          -|    243 (~0%)|    322 (~0%)|    -|
|    o VITIS_LOOP_21_3_VITIS_LOOP_23_4                                                 |     -|              -|         7|        3|  131072|       yes|   393219|  5.898e+06|  13.00|          -|          -|            -|            -|    -|
|  o VITIS_LOOP_18_1                                                                   |     -|              -|    393747|        -|       4|        no|  1574988|  2.362e+07|  13.00|          -|          -|            -|            -|    -|
|   + mlp_backward_impl_4_256_512_Pipeline_VITIS_LOOP_20_25                            |     -|              -|         -|      514|       -|       yes|      514|  7.710e+03|  10.53|          -|          -|     23 (~0%)|     91 (~0%)|    -|
|    o VITIS_LOOP_20_2                                                                 |     -|              -|         2|        1|     512|       yes|      512|  7.680e+03|  13.00|          -|          -|            -|            -|    -|
|   + mlp_backward_impl_4_256_512_Pipeline_VITIS_LOOP_21_3_VITIS_LOOP_23_46            |     -|              -|         -|   393221|       -|       yes|   393221|  5.898e+06|   0.00|          -|          -|    243 (~0%)|    324 (~0%)|    -|
|    o VITIS_LOOP_21_3_VITIS_LOOP_23_4                                                 |     -|              -|         7|        3|  131072|       yes|   393219|  5.898e+06|  13.00|          -|          -|            -|            -|    -|
| + layer_norm_backward_impl_4_256_s                                                   |     -|              -|         -|     7397|       -|        no|     7397|  1.110e+05|   0.00|          -|   10 (~0%)|   1839 (~0%)|    2305 (1%)|    -|
|  o VITIS_LOOP_61_1                                                                   |     -|              -|      1849|        -|       4|        no|     7396|  1.109e+05|  13.00|          -|          -|            -|            -|    -|
|   + layer_norm_backward_impl_4_256_Pipeline_VITIS_LOOP_63_2                          |     -|              -|         -|      771|       -|       yes|      771|  1.156e+04|   0.00|          -|          -|    113 (~0%)|    131 (~0%)|    -|
|    o VITIS_LOOP_63_2                                                                 |     -|              -|         5|        3|     256|       yes|      769|  1.154e+04|  13.00|          -|          -|            -|            -|    -|
|   + layer_norm_backward_impl_4_256_Pipeline_VITIS_LOOP_80_4                          |     -|              -|         -|      773|       -|       yes|      773|  1.160e+04|   0.00|          -|          -|    211 (~0%)|    194 (~0%)|    -|
|    o VITIS_LOOP_80_4                                                                 |     -|              -|         7|        3|     256|       yes|      771|  1.156e+04|  13.00|          -|          -|            -|            -|    -|
|   + layer_norm_backward_impl_4_256_Pipeline_VITIS_LOOP_70_3                          |     -|              -|         -|      775|       -|       yes|      775|  1.162e+04|   0.00|          -|          -|    180 (~0%)|    164 (~0%)|    -|
|    o VITIS_LOOP_70_3                                                                 |     -|              -|         9|        3|     256|       yes|      773|  1.160e+04|  13.00|          -|          -|            -|            -|    -|
|   + layer_norm_backward_impl_4_256_Pipeline_VITIS_LOOP_89_5                          |     -|              -|         -|      269|       -|       yes|      269|  4.035e+03|   0.00|          -|          -|    301 (~0%)|    131 (~0%)|    -|
|    o VITIS_LOOP_89_5                                                                 |     -|              -|        13|        1|     256|       yes|      267|  4.005e+03|  13.00|          -|          -|            -|            -|    -|
| + transformer_block_lora_backward_Pipeline_VITIS_LOOP_778_1                          |     -|              -|         -|     1029|       -|       yes|     1029|  1.544e+04|   0.00|          -|          -|    192 (~0%)|    118 (~0%)|    -|
|  o VITIS_LOOP_778_1                                                                  |     -|              -|         5|        1|    1024|       yes|     1027|  1.540e+04|  13.00|          -|          -|            -|            -|    -|
| + multi_head_lora_backward_impl_4_256_4_4_s                                          |     -|              -|         -|  2453749|       -|        no|  2453749|  3.681e+07|   0.00|    41 (6%)|    34 (1%)|   13645 (2%)|   17877 (7%)|    -|
|  + lora_project_backward_impl_4_256_4_s                                              |     -|              -|         -|   813097|       -|        no|   813097|  1.220e+07|   0.00|    11 (1%)|    30 (1%)|    6885 (1%)|    8733 (3%)|    -|
|   + lora_project_backward_impl_4_256_4_Outline_VITIS_LOOP_85_1                       |     -|              -|         -|     4697|       -|        no|     4697|  7.046e+04|   0.00|          -|          -|    662 (~0%)|    797 (~0%)|    -|
|    o VITIS_LOOP_85_1                                                                 |     -|              -|      1174|        -|       4|        no|     4696|  7.044e+04|  13.00|          -|          -|            -|            -|    -|
|     o VITIS_LOOP_86_2                                                                |     -|              -|       293|        -|       4|        no|     1172|  1.758e+04|  13.00|          -|          -|            -|            -|    -|
|      + lora_project_backward_impl_4_256_4_Pipeline_2                                 |     -|              -|         -|        6|       -|       yes|        6|     90.000|  11.47|          -|          -|      5 (~0%)|     49 (~0%)|    -|
|       o Loop 1                                                                       |     -|              -|         1|        1|       4|       yes|        4|     60.000|  13.00|          -|          -|            -|            -|    -|
|      + lora_project_backward_impl_4_256_4_Pipeline_VITIS_LOOP_91_3                   |     -|              -|         -|      270|       -|       yes|      270|  4.050e+03|   0.00|          -|          -|    298 (~0%)|    267 (~0%)|    -|
|       o VITIS_LOOP_91_3                                                              |     -|              -|        14|        1|     256|       yes|      268|  4.020e+03|  13.00|          -|          -|            -|            -|    -|
|   + lora_project_backward_impl_4_256_4_Pipeline_VITIS_LOOP_218_1                     |     -|              -|         -|     1027|       -|       yes|     1027|  1.540e+04|   3.34|          -|    1 (~0%)|     49 (~0%)|    144 (~0%)|    -|
|    o VITIS_LOOP_218_1                                                                |     -|              -|         3|        1|    1024|       yes|     1025|  1.538e+04|  13.00|          -|          -|            -|            -|    -|
|   + lora_project_backward_impl_4_256_4_Outline_VITIS_LOOP_18_1                       |     -|              -|         -|    13433|       -|        no|    13433|  2.015e+05|   0.00|    1 (~0%)|    1 (~0%)|    988 (~0%)|   1082 (~0%)|    -|
|    o VITIS_LOOP_18_1                                                                 |     -|              -|      3358|        -|       4|        no|    13432|  2.015e+05|  13.00|          -|          -|            -|            -|    -|
|     + lora_project_backward_impl_4_256_4_Pipeline_VITIS_LOOP_20_2                    |     -|              -|         -|      269|       -|       yes|      269|  4.035e+03|   8.65|          -|    1 (~0%)|    414 (~0%)|    368 (~0%)|    -|
|      o VITIS_LOOP_20_2                                                               |     -|              -|        13|        1|     256|       yes|      267|  4.005e+03|  13.00|          -|          -|            -|            -|    -|
|     + lora_project_backward_impl_4_256_4_Pipeline_VITIS_LOOP_21_3_VITIS_LOOP_23_4    |     -|              -|         -|     3078|       -|       yes|     3078|  4.617e+04|   0.00|          -|          -|    425 (~0%)|    422 (~0%)|    -|
|      o VITIS_LOOP_21_3_VITIS_LOOP_23_4                                               |     -|              -|         8|        3|    1024|       yes|     3076|  4.614e+04|  13.00|          -|          -|            -|            -|    -|
|   + lora_project_backward_impl_4_256_4_Outline_VITIS_LOOP_18_113                     |     -|              -|         -|   787533|       -|        no|   787533|  1.181e+07|   0.00|    1 (~0%)|          -|    410 (~0%)|    698 (~0%)|    -|
|    o VITIS_LOOP_18_1                                                                 |     -|              -|    196883|        -|       4|        no|   787532|  1.181e+07|  13.00|          -|          -|            -|            -|    -|
|     + lora_project_backward_impl_4_256_4_Pipeline_VITIS_LOOP_20_214                  |     -|              -|         -|      258|       -|       yes|      258|  3.870e+03|  10.53|          -|          -|     21 (~0%)|     88 (~0%)|    -|
|      o VITIS_LOOP_20_2                                                               |     -|              -|         2|        1|     256|       yes|      256|  3.840e+03|  13.00|          -|          -|            -|            -|    -|
|     + lora_project_backward_impl_4_256_4_Pipeline_VITIS_LOOP_21_3_VITIS_LOOP_23_415  |     -|              -|         -|   196613|       -|       yes|   196613|  2.949e+06|   0.00|          -|          -|    241 (~0%)|    318 (~0%)|    -|
|      o VITIS_LOOP_21_3_VITIS_LOOP_23_4                                               |     -|              -|         7|        3|   65536|       yes|   196611|  2.949e+06|  13.00|          -|          -|            -|            -|    -|
|   + lora_project_backward_impl_4_256_4_Outline_VITIS_LOOP_34_1                       |     -|              -|         -|     1113|       -|        no|     1113|  1.670e+04|   0.00|          -|    6 (~0%)|    768 (~0%)|    870 (~0%)|    -|
|    o VITIS_LOOP_34_1                                                                 |     -|              -|       278|        -|       4|        no|     1112|  1.668e+04|  13.00|          -|          -|            -|            -|    -|
|     + lora_project_backward_impl_4_256_4_Pipeline_VITIS_LOOP_37_2                    |     -|              -|         -|        6|       -|       yes|        6|     90.000|  11.47|          -|          -|    136 (~0%)|     60 (~0%)|    -|
|      o VITIS_LOOP_37_2                                                               |     -|              -|         2|        1|       4|       yes|        4|     60.000|  13.00|          -|          -|            -|            -|    -|
|     + lora_project_backward_impl_4_256_4_Pipeline_VITIS_LOOP_39_3                    |     -|              -|         -|      268|       -|       yes|      268|  4.020e+03|   0.00|          -|    6 (~0%)|    620 (~0%)|    685 (~0%)|    -|
|      o VITIS_LOOP_39_3                                                               |     -|              -|        12|        1|     256|       yes|      266|  3.990e+03|  13.00|          -|          -|            -|            -|    -|
|   + lora_project_backward_impl_4_256_4_Outline_VITIS_LOOP_18_17                      |     -|              -|         -|    12401|       -|        no|    12401|  1.860e+05|   0.00|          -|          -|    791 (~0%)|    807 (~0%)|    -|
|    o VITIS_LOOP_18_1                                                                 |     -|              -|      3100|        -|       4|        no|    12400|  1.860e+05|  13.00|          -|          -|            -|            -|    -|
|     + lora_project_backward_impl_4_256_4_Pipeline_VITIS_LOOP_20_28                   |     -|              -|         -|       12|       -|       yes|       12|    180.000|  10.55|          -|          -|    411 (~0%)|    248 (~0%)|    -|
|      o VITIS_LOOP_20_2                                                               |     -|              -|         8|        1|       4|       yes|       10|    150.000|  13.00|          -|          -|            -|            -|    -|
|     + lora_project_backward_impl_4_256_4_Pipeline_VITIS_LOOP_21_3_VITIS_LOOP_23_49   |     -|              -|         -|     3077|       -|       yes|     3077|  4.616e+04|   0.00|          -|          -|    229 (~0%)|    304 (~0%)|    -|
|      o VITIS_LOOP_21_3_VITIS_LOOP_23_4                                               |     -|              -|         7|        3|    1024|       yes|     3075|  4.612e+04|  13.00|          -|          -|            -|            -|    -|
|   + lora_project_backward_impl_4_256_4_Outline_VITIS_LOOP_34_110                     |     -|              -|         -|     8449|       -|        no|     8449|  1.267e+05|   0.00|          -|          -|    845 (~0%)|    713 (~0%)|    -|
|    o VITIS_LOOP_34_1                                                                 |     -|              -|        33|        -|     256|        no|     8448|  1.267e+05|  13.00|          -|          -|            -|            -|    -|
|     + lora_project_backward_impl_4_256_4_Pipeline_VITIS_LOOP_37_211                  |     -|              -|         -|       14|       -|       yes|       14|    210.000|   0.00|          -|          -|    347 (~0%)|    221 (~0%)|    -|
|      o VITIS_LOOP_37_2                                                               |     -|              -|        10|        1|       4|       yes|       12|    180.000|  13.00|          -|          -|            -|            -|    -|
|     + lora_project_backward_impl_4_256_4_Pipeline_VITIS_LOOP_39_312                  |     -|              -|         -|       15|       -|       yes|       15|    225.000|   0.00|          -|          -|    474 (~0%)|    347 (~0%)|    -|
|      o VITIS_LOOP_39_3                                                               |     -|              -|        11|        1|       4|       yes|       13|    195.000|  13.00|          -|          -|            -|            -|    -|
|   + lora_project_backward_impl_4_256_4_Pipeline_VITIS_LOOP_234_2                     |     -|              -|         -|     1029|       -|       yes|     1029|  1.544e+04|   0.35|          -|          -|    191 (~0%)|    107 (~0%)|    -|
|    o VITIS_LOOP_234_2                                                                |     -|              -|         5|        1|    1024|       yes|     1027|  1.540e+04|  13.00|          -|          -|            -|            -|    -|
|  + multi_head_lora_backward_impl_4_256_4_4_Outline_VITIS_LOOP_18_1                   |     -|              -|         -|   787533|       -|        no|   787533|  1.181e+07|   0.00|    1 (~0%)|          -|    410 (~0%)|    698 (~0%)|    -|
|   o VITIS_LOOP_18_1                                                                  |     -|              -|    196883|        -|       4|        no|   787532|  1.181e+07|  13.00|          -|          -|            -|            -|    -|
|    + multi_head_lora_backward_impl_4_256_4_4_Pipeline_VITIS_LOOP_20_23               |     -|              -|         -|      258|       -|       yes|      258|  3.870e+03|  10.53|          -|          -|     21 (~0%)|     88 (~0%)|    -|
|     o VITIS_LOOP_20_2                                                                |     -|              -|         2|        1|     256|       yes|      256|  3.840e+03|  13.00|          -|          -|            -|            -|    -|
|    + multi_head_lora_backward_impl_Pipeline_VITIS_LOOP_21_3_VITIS_LOOP_23_44         |     -|              -|         -|   196613|       -|       yes|   196613|  2.949e+06|   0.00|          -|          -|    241 (~0%)|    318 (~0%)|    -|
|     o VITIS_LOOP_21_3_VITIS_LOOP_23_4                                                |     -|              -|         7|        3|   65536|       yes|   196611|  2.949e+06|  13.00|          -|          -|            -|            -|    -|
|  + multi_head_lora_backward_impl_4_256_4_4_Pipeline_VITIS_LOOP_700_6                 |     -|              -|         -|     1031|       -|       yes|     1031|  1.546e+04|   0.35|          -|          -|    259 (~0%)|    107 (~0%)|    -|
|   o VITIS_LOOP_700_6                                                                 |     -|              -|         7|        1|    1024|       yes|     1029|  1.544e+04|  13.00|          -|          -|            -|            -|    -|
|  o VITIS_LOOP_18_1                                                                   |     -|              -|    196883|        -|       4|        no|   787532|  1.181e+07|  13.00|          -|          -|            -|            -|    -|
|   + multi_head_lora_backward_impl_4_256_4_4_Pipeline_VITIS_LOOP_20_2                 |     -|              -|         -|      258|       -|       yes|      258|  3.870e+03|  10.53|          -|          -|     21 (~0%)|     88 (~0%)|    -|
|    o VITIS_LOOP_20_2                                                                 |     -|              -|         2|        1|     256|       yes|      256|  3.840e+03|  13.00|          -|          -|            -|            -|    -|
|   + multi_head_lora_backward_impl_Pipeline_VITIS_LOOP_21_3_VITIS_LOOP_23_4           |     -|              -|         -|   196613|       -|       yes|   196613|  2.949e+06|   0.00|          -|          -|    241 (~0%)|    318 (~0%)|    -|
|    o VITIS_LOOP_21_3_VITIS_LOOP_23_4                                                 |     -|              -|         7|        3|   65536|       yes|   196611|  2.949e+06|  13.00|          -|          -|            -|            -|    -|
|  o VITIS_LOOP_641_1                                                                  |     -|              -|      9746|        -|       4|        no|    38984|  5.848e+05|  13.00|          -|          -|            -|            -|    -|
|   + multi_head_lora_backward_impl_Pipeline_VITIS_LOOP_647_2_VITIS_LOOP_648_3         |     -|              -|         -|      267|       -|       yes|      267|  4.005e+03|   0.00|          -|          -|    703 (~0%)|    774 (~0%)|    -|
|    o VITIS_LOOP_647_2_VITIS_LOOP_648_3                                               |     -|              -|        11|        1|     256|       yes|      265|  3.975e+03|  13.00|          -|          -|            -|            -|    -|
|   + attention_scores_backward_impl_4_64_s                                            |     -|              -|         -|     5273|       -|        no|     5273|  7.910e+04|   0.35|    2 (~0%)|          -|   1817 (~0%)|   2138 (~0%)|    -|
|    + attention_scores_backward_impl_4_64_Pipeline_VITIS_LOOP_116_1_VITIS_LOOP_117_2  |     -|              -|         -|      258|       -|       yes|      258|  3.870e+03|   9.12|          -|          -|     30 (~0%)|    185 (~0%)|    -|
|     o VITIS_LOOP_116_1_VITIS_LOOP_117_2                                              |     -|              -|         2|        1|     256|       yes|      256|  3.840e+03|  13.00|          -|          -|            -|            -|    -|
|    + attention_scores_backward_impl_4_64_Pipeline_VITIS_LOOP_156_1                   |     -|              -|         -|       19|       -|       yes|       19|    285.000|   3.90|          -|          -|     25 (~0%)|    133 (~0%)|    -|
|     o VITIS_LOOP_156_1                                                               |     -|              -|         3|        1|      16|       yes|       17|    255.000|  13.00|          -|          -|            -|            -|    -|
|    + attention_scores_backward_impl_Pipeline_VITIS_LOOP_116_1_VITIS_LOOP_117_216     |     -|              -|         -|      258|       -|       yes|      258|  3.870e+03|   9.12|          -|          -|     30 (~0%)|    178 (~0%)|    -|
|     o VITIS_LOOP_116_1_VITIS_LOOP_117_2                                              |     -|              -|         2|        1|     256|       yes|      256|  3.840e+03|  13.00|          -|          -|            -|            -|    -|
|    o VITIS_LOOP_18_1                                                                 |     -|              -|       788|        -|       4|        no|     3152|  4.728e+04|  13.00|          -|          -|            -|            -|    -|
|     + attention_scores_backward_impl_4_64_Pipeline_VITIS_LOOP_20_2                   |     -|              -|         -|       12|       -|       yes|       12|    180.000|  10.55|          -|          -|    411 (~0%)|    248 (~0%)|    -|
|      o VITIS_LOOP_20_2                                                               |     -|              -|         8|        1|       4|       yes|       10|    150.000|  13.00|          -|          -|            -|            -|    -|
|     + attention_scores_backward_impl_4_64_Pipeline_VITIS_LOOP_21_3_VITIS_LOOP_23_4   |     -|              -|         -|      772|       -|       yes|      772|  1.158e+04|   0.35|          -|          -|    213 (~0%)|    289 (~0%)|    -|
|      o VITIS_LOOP_21_3_VITIS_LOOP_23_4                                               |     -|              -|         6|        3|     256|       yes|      770|  1.155e+04|  13.00|          -|          -|            -|            -|    -|
|    o VITIS_LOOP_34_1                                                                 |     -|              -|        25|        -|      64|        no|     1600|  2.400e+04|  13.00|          -|          -|            -|            -|    -|
|     + attention_scores_backward_impl_4_64_Pipeline_VITIS_LOOP_37_2                   |     -|              -|         -|        6|       -|       yes|        6|     90.000|  11.34|          -|          -|    136 (~0%)|     60 (~0%)|    -|
|      o VITIS_LOOP_37_2                                                               |     -|              -|         2|        1|       4|       yes|        4|     60.000|  13.00|          -|          -|            -|            -|    -|
|     + attention_scores_backward_impl_4_64_Pipeline_VITIS_LOOP_39_3                   |     -|              -|         -|       15|       -|       yes|       15|    225.000|   0.35|          -|          -|    541 (~0%)|    383 (~0%)|    -|
|      o VITIS_LOOP_39_3                                                               |     -|              -|        11|        1|       4|       yes|       13|    195.000|  13.00|          -|          -|            -|            -|    -|
|   + multi_head_lora_backward_impl_Pipeline_VITIS_LOOP_675_4_VITIS_LOOP_676_5         |     -|              -|         -|      258|       -|       yes|      258|  3.870e+03|   9.12|          -|          -|     32 (~0%)|    185 (~0%)|    -|
|    o VITIS_LOOP_675_4_VITIS_LOOP_676_5                                               |     -|              -|         2|        1|     256|       yes|      256|  3.840e+03|  13.00|          -|          -|            -|            -|    -|
|   o VITIS_LOOP_18_1                                                                  |     -|              -|       851|        -|       4|        no|     3404|  5.106e+04|  13.00|          -|          -|            -|            -|    -|
|    + multi_head_lora_backward_impl_4_256_4_4_Pipeline_VITIS_LOOP_20_21               |     -|              -|         -|       75|       -|       yes|       75|  1.125e+03|   8.64|          -|          -|    327 (~0%)|    358 (~0%)|    -|
|     o VITIS_LOOP_20_2                                                                |     -|              -|        11|        1|      64|       yes|       73|  1.095e+03|  13.00|          -|          -|            -|            -|    -|
|    + multi_head_lora_backward_impl_Pipeline_VITIS_LOOP_21_3_VITIS_LOOP_23_42         |     -|              -|         -|      772|       -|       yes|      772|  1.158e+04|   0.35|          -|          -|    169 (~0%)|    276 (~0%)|    -|
|     o VITIS_LOOP_21_3_VITIS_LOOP_23_4                                                |     -|              -|         6|        3|     256|       yes|      770|  1.155e+04|  13.00|          -|          -|            -|            -|    -|
|   o VITIS_LOOP_34_1                                                                  |     -|              -|        94|        -|       4|        no|      376|  5.640e+03|  13.00|          -|          -|            -|            -|    -|
|    + multi_head_lora_backward_impl_4_256_4_4_Pipeline_VITIS_LOOP_37_2                |     -|              -|         -|       14|       -|       yes|       14|    210.000|   0.00|          -|          -|    347 (~0%)|    221 (~0%)|    -|
|     o VITIS_LOOP_37_2                                                                |     -|              -|        10|        1|       4|       yes|       12|    180.000|  13.00|          -|          -|            -|            -|    -|
|    + multi_head_lora_backward_impl_4_256_4_4_Pipeline_VITIS_LOOP_39_3                |     -|              -|         -|       76|       -|       yes|       76|  1.140e+03|   0.35|          -|          -|    559 (~0%)|    713 (~0%)|    -|
|     o VITIS_LOOP_39_3                                                                |     -|              -|        12|        1|      64|       yes|       74|  1.110e+03|  13.00|          -|          -|            -|            -|    -|
|   o VITIS_LOOP_125_1                                                                 |     -|              -|        38|        -|       4|        no|      152|  2.280e+03|  13.00|          -|          -|            -|            -|    -|
|    + multi_head_lora_backward_impl_4_256_4_4_Pipeline_VITIS_LOOP_126_2               |     -|              -|         -|        7|       -|       yes|        7|    105.000|   0.00|          -|          -|    303 (~0%)|    155 (~0%)|    -|
|     o VITIS_LOOP_126_2                                                               |     -|              -|         3|        1|       4|       yes|        5|     75.000|  13.00|          -|          -|            -|            -|    -|
|    + multi_head_lora_backward_impl_4_256_4_4_Pipeline_VITIS_LOOP_106_2               |     -|              -|         -|        9|       -|       yes|        9|    135.000|   0.35|          -|          -|    335 (~0%)|    200 (~0%)|    -|
|     o VITIS_LOOP_106_2                                                               |     -|              -|         5|        1|       4|       yes|        7|    105.000|  13.00|          -|          -|            -|            -|    -|
|    + multi_head_lora_backward_impl_4_256_4_4_Pipeline_VITIS_LOOP_134_3               |     -|              -|         -|        6|       -|       yes|        6|     90.000|  11.10|          -|          -|      5 (~0%)|     81 (~0%)|    -|
|     o VITIS_LOOP_134_3                                                               |     -|              -|         1|        1|       4|       yes|        4|     60.000|  13.00|          -|          -|            -|            -|    -|
| + transformer_block_lora_backward_Pipeline_VITIS_LOOP_795_2                          |     -|              -|         -|     1029|       -|       yes|     1029|  1.544e+04|   0.00|          -|          -|    116 (~0%)|     86 (~0%)|    -|
|  o VITIS_LOOP_795_2                                                                  |     -|              -|         5|        1|    1024|       yes|     1027|  1.540e+04|  13.00|          -|          -|            -|            -|    -|
+--------------------------------------------------------------------------------------+------+---------------+----------+---------+--------+----------+---------+-----------+-------+-----------+-----------+-------------+-------------+-----+
    Name Prefix: '+' for module, 'o' for loop, '*' for dataflow


================================================================
== HW Interfaces
================================================================
* M_AXI
+--------------+------------+------------+---------------+---------+--------+----------+-----------+--------------+--------------+-------------+-------------+-------------------+
| Interface    | Read/Write | Data Width | Address Width | Latency | Offset | Register | Max Widen | Max Read     | Max Write    | Num Read    | Num Write   | Resource Estimate |
|              |            | (SW->HW)   |               |         |        |          | Bitwidth  | Burst Length | Burst Length | Outstanding | Outstanding |                   |
+--------------+------------+------------+---------------+---------+--------+----------+-----------+--------------+--------------+-------------+-------------+-------------------+
| m_axi_gmem0  | READ_ONLY  | 32 -> 32   | 64            | 0       | slave  | 0        | 0         | 16           | 16           | 16          | 16          | BRAM=2            |
| m_axi_gmem1  | READ_ONLY  | 32 -> 32   | 64            | 0       | slave  | 0        | 0         | 16           | 16           | 16          | 16          | BRAM=2            |
| m_axi_gmem10 | READ_ONLY  | 32 -> 32   | 64            | 0       | slave  | 0        | 0         | 16           | 16           | 16          | 16          | BRAM=2            |
| m_axi_gmem11 | READ_ONLY  | 32 -> 32   | 64            | 0       | slave  | 0        | 0         | 16           | 16           | 16          | 16          | BRAM=2            |
| m_axi_gmem12 | READ_ONLY  | 32 -> 32   | 64            | 0       | slave  | 0        | 0         | 16           | 16           | 16          | 16          | BRAM=2            |
| m_axi_gmem13 | READ_ONLY  | 32 -> 32   | 64            | 0       | slave  | 0        | 0         | 16           | 16           | 16          | 16          | BRAM=2            |
| m_axi_gmem14 | READ_ONLY  | 32 -> 32   | 64            | 0       | slave  | 0        | 0         | 16           | 16           | 16          | 16          | BRAM=2            |
| m_axi_gmem15 | READ_ONLY  | 32 -> 32   | 64            | 0       | slave  | 0        | 0         | 16           | 16           | 16          | 16          | BRAM=2            |
| m_axi_gmem16 | READ_ONLY  | 32 -> 32   | 64            | 0       | slave  | 0        | 0         | 16           | 16           | 16          | 16          | BRAM=2            |
| m_axi_gmem17 | READ_ONLY  | 32 -> 32   | 64            | 0       | slave  | 0        | 0         | 16           | 16           | 16          | 16          | BRAM=2            |
| m_axi_gmem18 | READ_ONLY  | 32 -> 32   | 64            | 0       | slave  | 0        | 0         | 16           | 16           | 16          | 16          | BRAM=2            |
| m_axi_gmem19 | READ_ONLY  | 32 -> 32   | 64            | 0       | slave  | 0        | 0         | 16           | 16           | 16          | 16          | BRAM=2            |
| m_axi_gmem2  | READ_ONLY  | 32 -> 32   | 64            | 0       | slave  | 0        | 0         | 16           | 16           | 16          | 16          | BRAM=2            |
| m_axi_gmem20 | WRITE_ONLY | 32 -> 32   | 64            | 0       | slave  | 0        | 0         | 16           | 16           | 16          | 16          |                   |
| m_axi_gmem21 | WRITE_ONLY | 32 -> 32   | 64            | 0       | slave  | 0        | 0         | 16           | 16           | 16          | 16          |                   |
| m_axi_gmem22 | WRITE_ONLY | 32 -> 32   | 64            | 0       | slave  | 0        | 0         | 16           | 16           | 16          | 16          |                   |
| m_axi_gmem23 | WRITE_ONLY | 32 -> 32   | 64            | 0       | slave  | 0        | 0         | 16           | 16           | 16          | 16          |                   |
| m_axi_gmem24 | WRITE_ONLY | 32 -> 32   | 64            | 0       | slave  | 0        | 0         | 16           | 16           | 16          | 16          |                   |
| m_axi_gmem3  | READ_ONLY  | 32 -> 32   | 64            | 0       | slave  | 0        | 0         | 16           | 16           | 16          | 16          | BRAM=2            |
| m_axi_gmem4  | READ_ONLY  | 32 -> 32   | 64            | 0       | slave  | 0        | 0         | 16           | 16           | 16          | 16          | BRAM=2            |
| m_axi_gmem5  | READ_ONLY  | 32 -> 32   | 64            | 0       | slave  | 0        | 0         | 16           | 16           | 16          | 16          | BRAM=2            |
| m_axi_gmem6  | READ_ONLY  | 32 -> 32   | 64            | 0       | slave  | 0        | 0         | 16           | 16           | 16          | 16          | BRAM=2            |
| m_axi_gmem7  | READ_ONLY  | 32 -> 32   | 64            | 0       | slave  | 0        | 0         | 16           | 16           | 16          | 16          | BRAM=2            |
| m_axi_gmem8  | READ_ONLY  | 32 -> 32   | 64            | 0       | slave  | 0        | 0         | 16           | 16           | 16          | 16          | BRAM=2            |
| m_axi_gmem9  | READ_ONLY  | 32 -> 32   | 64            | 0       | slave  | 0        | 0         | 16           | 16           | 16          | 16          | BRAM=2            |
+--------------+------------+------------+---------------+---------+--------+----------+-----------+--------------+--------------+-------------+-------------+-------------------+

* S_AXILITE Interfaces
+---------------+------------+---------------+--------+----------+
| Interface     | Data Width | Address Width | Offset | Register |
+---------------+------------+---------------+--------+----------+
| s_axi_control | 32         | 9             | 16     | 0        |
+---------------+------------+---------------+--------+----------+

* S_AXILITE Registers
+---------------+----------------+--------+-------+--------+----------------------------------+----------------------------------------------------------------------+
| Interface     | Register       | Offset | Width | Access | Description                      | Bit Fields                                                           |
+---------------+----------------+--------+-------+--------+----------------------------------+----------------------------------------------------------------------+
| s_axi_control | CTRL           | 0x00   | 32    | RW     | Control signals                  | 0=AP_START 1=AP_DONE 2=AP_IDLE 3=AP_READY 7=AUTO_RESTART 9=INTERRUPT |
| s_axi_control | GIER           | 0x04   | 32    | RW     | Global Interrupt Enable Register | 0=Enable                                                             |
| s_axi_control | IP_IER         | 0x08   | 32    | RW     | IP Interrupt Enable Register     | 0=CHAN0_INT_EN 1=CHAN1_INT_EN                                        |
| s_axi_control | IP_ISR         | 0x0c   | 32    | RW     | IP Interrupt Status Register     | 0=CHAN0_INT_ST 1=CHAN1_INT_ST                                        |
| s_axi_control | X_1            | 0x10   | 32    | W      | Data signal of X                 |                                                                      |
| s_axi_control | X_2            | 0x14   | 32    | W      | Data signal of X                 |                                                                      |
| s_axi_control | WQ_1           | 0x1c   | 32    | W      | Data signal of WQ                |                                                                      |
| s_axi_control | WQ_2           | 0x20   | 32    | W      | Data signal of WQ                |                                                                      |
| s_axi_control | WK_1           | 0x28   | 32    | W      | Data signal of WK                |                                                                      |
| s_axi_control | WK_2           | 0x2c   | 32    | W      | Data signal of WK                |                                                                      |
| s_axi_control | WV_1           | 0x34   | 32    | W      | Data signal of WV                |                                                                      |
| s_axi_control | WV_2           | 0x38   | 32    | W      | Data signal of WV                |                                                                      |
| s_axi_control | WO_1           | 0x40   | 32    | W      | Data signal of WO                |                                                                      |
| s_axi_control | WO_2           | 0x44   | 32    | W      | Data signal of WO                |                                                                      |
| s_axi_control | lora_AQ_1      | 0x4c   | 32    | W      | Data signal of lora_AQ           |                                                                      |
| s_axi_control | lora_AQ_2      | 0x50   | 32    | W      | Data signal of lora_AQ           |                                                                      |
| s_axi_control | lora_BQ_1      | 0x58   | 32    | W      | Data signal of lora_BQ           |                                                                      |
| s_axi_control | lora_BQ_2      | 0x5c   | 32    | W      | Data signal of lora_BQ           |                                                                      |
| s_axi_control | lora_AV_1      | 0x64   | 32    | W      | Data signal of lora_AV           |                                                                      |
| s_axi_control | lora_AV_2      | 0x68   | 32    | W      | Data signal of lora_AV           |                                                                      |
| s_axi_control | lora_BV_1      | 0x70   | 32    | W      | Data signal of lora_BV           |                                                                      |
| s_axi_control | lora_BV_2      | 0x74   | 32    | W      | Data signal of lora_BV           |                                                                      |
| s_axi_control | lora_alpha     | 0x7c   | 32    | W      | Data signal of lora_alpha        |                                                                      |
| s_axi_control | W1_1           | 0x84   | 32    | W      | Data signal of W1                |                                                                      |
| s_axi_control | W1_2           | 0x88   | 32    | W      | Data signal of W1                |                                                                      |
| s_axi_control | W2_1           | 0x90   | 32    | W      | Data signal of W2                |                                                                      |
| s_axi_control | W2_2           | 0x94   | 32    | W      | Data signal of W2                |                                                                      |
| s_axi_control | layer1_cache_1 | 0x9c   | 32    | W      | Data signal of layer1_cache      |                                                                      |
| s_axi_control | layer1_cache_2 | 0xa0   | 32    | W      | Data signal of layer1_cache      |                                                                      |
| s_axi_control | Q_cache_1      | 0xa8   | 32    | W      | Data signal of Q_cache           |                                                                      |
| s_axi_control | Q_cache_2      | 0xac   | 32    | W      | Data signal of Q_cache           |                                                                      |
| s_axi_control | K_cache_1      | 0xb4   | 32    | W      | Data signal of K_cache           |                                                                      |
| s_axi_control | K_cache_2      | 0xb8   | 32    | W      | Data signal of K_cache           |                                                                      |
| s_axi_control | V_cache_1      | 0xc0   | 32    | W      | Data signal of V_cache           |                                                                      |
| s_axi_control | V_cache_2      | 0xc4   | 32    | W      | Data signal of V_cache           |                                                                      |
| s_axi_control | probs_cache_1  | 0xcc   | 32    | W      | Data signal of probs_cache       |                                                                      |
| s_axi_control | probs_cache_2  | 0xd0   | 32    | W      | Data signal of probs_cache       |                                                                      |
| s_axi_control | layer3_cache_1 | 0xd8   | 32    | W      | Data signal of layer3_cache      |                                                                      |
| s_axi_control | layer3_cache_2 | 0xdc   | 32    | W      | Data signal of layer3_cache      |                                                                      |
| s_axi_control | layer4_cache_1 | 0xe4   | 32    | W      | Data signal of layer4_cache      |                                                                      |
| s_axi_control | layer4_cache_2 | 0xe8   | 32    | W      | Data signal of layer4_cache      |                                                                      |
| s_axi_control | inner_cache_1  | 0xf0   | 32    | W      | Data signal of inner_cache       |                                                                      |
| s_axi_control | inner_cache_2  | 0xf4   | 32    | W      | Data signal of inner_cache       |                                                                      |
| s_axi_control | dOut_1         | 0xfc   | 32    | W      | Data signal of dOut              |                                                                      |
| s_axi_control | dOut_2         | 0x100  | 32    | W      | Data signal of dOut              |                                                                      |
| s_axi_control | dX_1           | 0x108  | 32    | W      | Data signal of dX                |                                                                      |
| s_axi_control | dX_2           | 0x10c  | 32    | W      | Data signal of dX                |                                                                      |
| s_axi_control | dAQ_1          | 0x114  | 32    | W      | Data signal of dAQ               |                                                                      |
| s_axi_control | dAQ_2          | 0x118  | 32    | W      | Data signal of dAQ               |                                                                      |
| s_axi_control | dBQ_1          | 0x120  | 32    | W      | Data signal of dBQ               |                                                                      |
| s_axi_control | dBQ_2          | 0x124  | 32    | W      | Data signal of dBQ               |                                                                      |
| s_axi_control | dAV_1          | 0x12c  | 32    | W      | Data signal of dAV               |                                                                      |
| s_axi_control | dAV_2          | 0x130  | 32    | W      | Data signal of dAV               |                                                                      |
| s_axi_control | dBV_1          | 0x138  | 32    | W      | Data signal of dBV               |                                                                      |
| s_axi_control | dBV_2          | 0x13c  | 32    | W      | Data signal of dBV               |                                                                      |
+---------------+----------------+--------+-------+--------+----------------------------------+----------------------------------------------------------------------+

* TOP LEVEL CONTROL
+-----------+------------+-----------+
| Interface | Type       | Ports     |
+-----------+------------+-----------+
| ap_clk    | clock      | ap_clk    |
| ap_rst_n  | reset      | ap_rst_n  |
| interrupt | interrupt  | interrupt |
| ap_ctrl   | ap_ctrl_hs |           |
+-----------+------------+-----------+


================================================================
== SW I/O Information
================================================================
* Top Function Arguments
+--------------+-----------+---------------+
| Argument     | Direction | Datatype      |
+--------------+-----------+---------------+
| X            | in        | float const * |
| WQ           | in        | float const * |
| WK           | in        | float const * |
| WV           | in        | float const * |
| WO           | in        | float const * |
| lora_AQ      | in        | float const * |
| lora_BQ      | in        | float const * |
| lora_AV      | in        | float const * |
| lora_BV      | in        | float const * |
| lora_alpha   | in        | float         |
| W1           | in        | float const * |
| W2           | in        | float const * |
| layer1_cache | in        | float const * |
| Q_cache      | in        | float const * |
| K_cache      | in        | float const * |
| V_cache      | in        | float const * |
| probs_cache  | in        | float const * |
| layer3_cache | in        | float const * |
| layer4_cache | in        | float const * |
| inner_cache  | in        | float const * |
| dOut         | in        | float const * |
| dX           | out       | float*        |
| dAQ          | out       | float*        |
| dBQ          | out       | float*        |
| dAV          | out       | float*        |
| dBV          | out       | float*        |
+--------------+-----------+---------------+

* SW-to-HW Mapping
+--------------+---------------+-----------+----------+------------------------------------------+
| Argument     | HW Interface  | HW Type   | HW Usage | HW Info                                  |
+--------------+---------------+-----------+----------+------------------------------------------+
| X            | m_axi_gmem0   | interface |          | channel=0                                |
| X            | s_axi_control | register  | offset   | name=X_1 offset=0x10 range=32            |
| X            | s_axi_control | register  | offset   | name=X_2 offset=0x14 range=32            |
| WQ           | m_axi_gmem1   | interface |          | channel=0                                |
| WQ           | s_axi_control | register  | offset   | name=WQ_1 offset=0x1c range=32           |
| WQ           | s_axi_control | register  | offset   | name=WQ_2 offset=0x20 range=32           |
| WK           | m_axi_gmem2   | interface |          | channel=0                                |
| WK           | s_axi_control | register  | offset   | name=WK_1 offset=0x28 range=32           |
| WK           | s_axi_control | register  | offset   | name=WK_2 offset=0x2c range=32           |
| WV           | m_axi_gmem3   | interface |          | channel=0                                |
| WV           | s_axi_control | register  | offset   | name=WV_1 offset=0x34 range=32           |
| WV           | s_axi_control | register  | offset   | name=WV_2 offset=0x38 range=32           |
| WO           | m_axi_gmem4   | interface |          | channel=0                                |
| WO           | s_axi_control | register  | offset   | name=WO_1 offset=0x40 range=32           |
| WO           | s_axi_control | register  | offset   | name=WO_2 offset=0x44 range=32           |
| lora_AQ      | m_axi_gmem5   | interface |          | channel=0                                |
| lora_AQ      | s_axi_control | register  | offset   | name=lora_AQ_1 offset=0x4c range=32      |
| lora_AQ      | s_axi_control | register  | offset   | name=lora_AQ_2 offset=0x50 range=32      |
| lora_BQ      | m_axi_gmem6   | interface |          | channel=0                                |
| lora_BQ      | s_axi_control | register  | offset   | name=lora_BQ_1 offset=0x58 range=32      |
| lora_BQ      | s_axi_control | register  | offset   | name=lora_BQ_2 offset=0x5c range=32      |
| lora_AV      | m_axi_gmem7   | interface |          | channel=0                                |
| lora_AV      | s_axi_control | register  | offset   | name=lora_AV_1 offset=0x64 range=32      |
| lora_AV      | s_axi_control | register  | offset   | name=lora_AV_2 offset=0x68 range=32      |
| lora_BV      | m_axi_gmem8   | interface |          | channel=0                                |
| lora_BV      | s_axi_control | register  | offset   | name=lora_BV_1 offset=0x70 range=32      |
| lora_BV      | s_axi_control | register  | offset   | name=lora_BV_2 offset=0x74 range=32      |
| lora_alpha   | s_axi_control | register  |          | name=lora_alpha offset=0x7c range=32     |
| W1           | m_axi_gmem9   | interface |          | channel=0                                |
| W1           | s_axi_control | register  | offset   | name=W1_1 offset=0x84 range=32           |
| W1           | s_axi_control | register  | offset   | name=W1_2 offset=0x88 range=32           |
| W2           | m_axi_gmem10  | interface |          | channel=0                                |
| W2           | s_axi_control | register  | offset   | name=W2_1 offset=0x90 range=32           |
| W2           | s_axi_control | register  | offset   | name=W2_2 offset=0x94 range=32           |
| layer1_cache | m_axi_gmem11  | interface |          | channel=0                                |
| layer1_cache | s_axi_control | register  | offset   | name=layer1_cache_1 offset=0x9c range=32 |
| layer1_cache | s_axi_control | register  | offset   | name=layer1_cache_2 offset=0xa0 range=32 |
| Q_cache      | m_axi_gmem12  | interface |          | channel=0                                |
| Q_cache      | s_axi_control | register  | offset   | name=Q_cache_1 offset=0xa8 range=32      |
| Q_cache      | s_axi_control | register  | offset   | name=Q_cache_2 offset=0xac range=32      |
| K_cache      | m_axi_gmem13  | interface |          | channel=0                                |
| K_cache      | s_axi_control | register  | offset   | name=K_cache_1 offset=0xb4 range=32      |
| K_cache      | s_axi_control | register  | offset   | name=K_cache_2 offset=0xb8 range=32      |
| V_cache      | m_axi_gmem14  | interface |          | channel=0                                |
| V_cache      | s_axi_control | register  | offset   | name=V_cache_1 offset=0xc0 range=32      |
| V_cache      | s_axi_control | register  | offset   | name=V_cache_2 offset=0xc4 range=32      |
| probs_cache  | m_axi_gmem15  | interface |          | channel=0                                |
| probs_cache  | s_axi_control | register  | offset   | name=probs_cache_1 offset=0xcc range=32  |
| probs_cache  | s_axi_control | register  | offset   | name=probs_cache_2 offset=0xd0 range=32  |
| layer3_cache | m_axi_gmem16  | interface |          | channel=0                                |
| layer3_cache | s_axi_control | register  | offset   | name=layer3_cache_1 offset=0xd8 range=32 |
| layer3_cache | s_axi_control | register  | offset   | name=layer3_cache_2 offset=0xdc range=32 |
| layer4_cache | m_axi_gmem17  | interface |          | channel=0                                |
| layer4_cache | s_axi_control | register  | offset   | name=layer4_cache_1 offset=0xe4 range=32 |
| layer4_cache | s_axi_control | register  | offset   | name=layer4_cache_2 offset=0xe8 range=32 |
| inner_cache  | m_axi_gmem18  | interface |          | channel=0                                |
| inner_cache  | s_axi_control | register  | offset   | name=inner_cache_1 offset=0xf0 range=32  |
| inner_cache  | s_axi_control | register  | offset   | name=inner_cache_2 offset=0xf4 range=32  |
| dOut         | m_axi_gmem19  | interface |          | channel=0                                |
| dOut         | s_axi_control | register  | offset   | name=dOut_1 offset=0xfc range=32         |
| dOut         | s_axi_control | register  | offset   | name=dOut_2 offset=0x100 range=32        |
| dX           | m_axi_gmem20  | interface |          | channel=0                                |
| dX           | s_axi_control | register  | offset   | name=dX_1 offset=0x108 range=32          |
| dX           | s_axi_control | register  | offset   | name=dX_2 offset=0x10c range=32          |
| dAQ          | m_axi_gmem21  | interface |          | channel=0                                |
| dAQ          | s_axi_control | register  | offset   | name=dAQ_1 offset=0x114 range=32         |
| dAQ          | s_axi_control | register  | offset   | name=dAQ_2 offset=0x118 range=32         |
| dBQ          | m_axi_gmem22  | interface |          | channel=0                                |
| dBQ          | s_axi_control | register  | offset   | name=dBQ_1 offset=0x120 range=32         |
| dBQ          | s_axi_control | register  | offset   | name=dBQ_2 offset=0x124 range=32         |
| dAV          | m_axi_gmem23  | interface |          | channel=0                                |
| dAV          | s_axi_control | register  | offset   | name=dAV_1 offset=0x12c range=32         |
| dAV          | s_axi_control | register  | offset   | name=dAV_2 offset=0x130 range=32         |
| dBV          | m_axi_gmem24  | interface |          | channel=0                                |
| dBV          | s_axi_control | register  | offset   | name=dBV_1 offset=0x138 range=32         |
| dBV          | s_axi_control | register  | offset   | name=dBV_2 offset=0x13c range=32         |
+--------------+---------------+-----------+----------+------------------------------------------+


================================================================
== M_AXI Burst Information
================================================================
 Note: All burst requests might be further partitioned into multiple requests during RTL generation based on max_read_burst_length or max_write_burst_length settings.

* Inferred Burst Summary
+--------------+-----------+--------+-------+------------------+----------------------------------------------+
| HW Interface | Direction | Length | Width | Loop             | Loop Location                                |
+--------------+-----------+--------+-------+------------------+----------------------------------------------+
| m_axi_gmem1  | read      | 65536  | 32    | VITIS_LOOP_21_3  | ../transformer/cct_modules_backward.h:21:26  |
| m_axi_gmem10 | read      | 131072 | 32    | VITIS_LOOP_21_3  | ../transformer/cct_modules_backward.h:21:26  |
| m_axi_gmem11 | read      | 256    | 32    | VITIS_LOOP_91_3  | ../transformer/cct_modules.h:91:30           |
| m_axi_gmem12 | read      | 64     | 32    | VITIS_LOOP_648_3 | ../transformer/cct_modules_backward.h:648:31 |
| m_axi_gmem13 | read      | 64     | 32    | VITIS_LOOP_648_3 | ../transformer/cct_modules_backward.h:648:31 |
| m_axi_gmem14 | read      | 64     | 32    | VITIS_LOOP_648_3 | ../transformer/cct_modules_backward.h:648:31 |
| m_axi_gmem15 | read      | 16     | 32    | VITIS_LOOP_125_1 | ../transformer/cct_modules_backward.h:125:23 |
| m_axi_gmem16 | read      | 256    | 32    | VITIS_LOOP_63_2  | ../transformer/cct_modules_backward.h:63:26  |
| m_axi_gmem16 | read      | 256    | 32    | VITIS_LOOP_70_3  | ../transformer/cct_modules_backward.h:70:26  |
| m_axi_gmem17 | read      | 256    | 32    | VITIS_LOOP_80_4  | ../transformer/cct_modules_backward.h:80:26  |
| m_axi_gmem17 | read      | 256    | 32    | VITIS_LOOP_89_5  | ../transformer/cct_modules_backward.h:89:26  |
| m_axi_gmem18 | read      | 2048   | 32    | VITIS_LOOP_188_1 | ../transformer/cct_modules_backward.h:188:23 |
| m_axi_gmem19 | read      | 1024   | 32    | VITIS_LOOP_18_1  | ../transformer/cct_modules_backward.h:18:22  |
| m_axi_gmem19 | read      | 1024   | 32    | VITIS_LOOP_778_1 | ../transformer/cct_modules_backward.h:778:23 |
| m_axi_gmem2  | read      | 65536  | 32    | VITIS_LOOP_21_3  | ../transformer/cct_modules_backward.h:21:26  |
| m_axi_gmem20 | write     | 1024   | 32    | VITIS_LOOP_795_2 | ../transformer/cct_modules_backward.h:795:23 |
| m_axi_gmem21 | write     | 1024   | 32    | VITIS_LOOP_34_1  | ../transformer/cct_modules_backward.h:34:22  |
| m_axi_gmem22 | write     | 1024   | 32    | VITIS_LOOP_34_1  | ../transformer/cct_modules_backward.h:34:22  |
| m_axi_gmem4  | read      | 65536  | 32    | VITIS_LOOP_21_3  | ../transformer/cct_modules_backward.h:21:26  |
| m_axi_gmem5  | read      | 1024   | 32    | VITIS_LOOP_21_3  | ../transformer/cct_modules_backward.h:21:26  |
| m_axi_gmem6  | read      | 1024   | 32    | VITIS_LOOP_21_3  | ../transformer/cct_modules_backward.h:21:26  |
| m_axi_gmem9  | read      | 131072 | 32    | VITIS_LOOP_21_3  | ../transformer/cct_modules_backward.h:21:26  |
+--------------+-----------+--------+-------+------------------+----------------------------------------------+

* All M_AXI Variable Accesses
+---------------------+-------------+----------------------------------------------+-----------+--------------+--------+------------------+----------------------------------------------+------------+---------------------------------------------------------------------------------------------------------+
| HW Interface        | Variable    | Access Location                              | Direction | Burst Status | Length | Loop             | Loop Location                                | Resolution | Problem                                                                                                 |
+---------------------+-------------+----------------------------------------------+-----------+--------------+--------+------------------+----------------------------------------------+------------+---------------------------------------------------------------------------------------------------------+
| m_axi_gmem1,gmem3   | W           | ../transformer/cct_modules_backward.h:25:31  | read      | Widen Fail   |        | VITIS_LOOP_23_4  | ../transformer/cct_modules_backward.h:23:30  | 214-353    | Could not widen since type float size is greater than or equal to the max_widen_bitwidth threshold of 0 |
| m_axi_gmem1,gmem3   | W           | ../transformer/cct_modules_backward.h:25:31  | read      | Fail         |        | VITIS_LOOP_18_1  | ../transformer/cct_modules_backward.h:18:22  | 214-229    | Could not analyze pattern                                                                               |
| m_axi_gmem1,gmem3   | W           | ../transformer/cct_modules_backward.h:25:31  | read      | Inferred     | 65536  | VITIS_LOOP_21_3  | ../transformer/cct_modules_backward.h:21:26  |            |                                                                                                         |
| m_axi_gmem10        | W2          | ../transformer/cct_modules_backward.h:25:31  | read      | Widen Fail   |        | VITIS_LOOP_23_4  | ../transformer/cct_modules_backward.h:23:30  | 214-353    | Could not widen since type float size is greater than or equal to the max_widen_bitwidth threshold of 0 |
| m_axi_gmem10        | W2          | ../transformer/cct_modules_backward.h:25:31  | read      | Fail         |        | VITIS_LOOP_18_1  | ../transformer/cct_modules_backward.h:18:22  | 214-229    | Could not analyze pattern                                                                               |
| m_axi_gmem10        | W2          | ../transformer/cct_modules_backward.h:25:31  | read      | Inferred     | 131072 | VITIS_LOOP_21_3  | ../transformer/cct_modules_backward.h:21:26  |            |                                                                                                         |
| m_axi_gmem11        | X           | ../transformer/cct_modules.h:96:21           | read      | Inferred     | 256    | VITIS_LOOP_91_3  | ../transformer/cct_modules.h:91:30           |            |                                                                                                         |
| m_axi_gmem11        | X           | ../transformer/cct_modules_backward.h:37:61  | read      | Fail         |        | VITIS_LOOP_37_2  | ../transformer/cct_modules_backward.h:37:26  | 214-230    | Stride is incompatible                                                                                  |
| m_axi_gmem11        | X           | ../transformer/cct_modules_backward.h:65:20  | read      | Widen Fail   |        | VITIS_LOOP_91_3  | ../transformer/cct_modules.h:91:30           | 214-353    | Could not widen since type float size is greater than or equal to the max_widen_bitwidth threshold of 0 |
| m_axi_gmem11        | X           | ../transformer/cct_modules_backward.h:65:20  | read      | Fail         |        | VITIS_LOOP_86_2  | ../transformer/cct_modules.h:86:26           | 214-230    | Stride is incompatible                                                                                  |
| m_axi_gmem12        | Q_cache     | ../transformer/cct_modules_backward.h:65:20  | read      | Widen Fail   |        | VITIS_LOOP_648_3 | ../transformer/cct_modules_backward.h:648:31 | 214-353    | Could not widen since type float size is greater than or equal to the max_widen_bitwidth threshold of 0 |
| m_axi_gmem12        | Q_cache     | ../transformer/cct_modules_backward.h:65:20  | read      | Fail         |        | VITIS_LOOP_647_2 | ../transformer/cct_modules_backward.h:647:27 | 214-230    | Stride is incompatible                                                                                  |
| m_axi_gmem12        | Q_cache     | ../transformer/cct_modules_backward.h:652:29 | read      | Inferred     | 64     | VITIS_LOOP_648_3 | ../transformer/cct_modules_backward.h:648:31 |            |                                                                                                         |
| m_axi_gmem13        | K_cache     | ../transformer/cct_modules_backward.h:653:29 | read      | Widen Fail   |        | VITIS_LOOP_648_3 | ../transformer/cct_modules_backward.h:648:31 | 214-353    | Could not widen since type float size is greater than or equal to the max_widen_bitwidth threshold of 0 |
| m_axi_gmem13        | K_cache     | ../transformer/cct_modules_backward.h:653:29 | read      | Fail         |        | VITIS_LOOP_647_2 | ../transformer/cct_modules_backward.h:647:27 | 214-230    | Stride is incompatible                                                                                  |
| m_axi_gmem13        | K_cache     | ../transformer/cct_modules_backward.h:653:29 | read      | Inferred     | 64     | VITIS_LOOP_648_3 | ../transformer/cct_modules_backward.h:648:31 |            |                                                                                                         |
| m_axi_gmem14        | V_cache     | ../transformer/cct_modules_backward.h:654:29 | read      | Widen Fail   |        | VITIS_LOOP_648_3 | ../transformer/cct_modules_backward.h:648:31 | 214-353    | Could not widen since type float size is greater than or equal to the max_widen_bitwidth threshold of 0 |
| m_axi_gmem14        | V_cache     | ../transformer/cct_modules_backward.h:654:29 | read      | Fail         |        | VITIS_LOOP_647_2 | ../transformer/cct_modules_backward.h:647:27 | 214-230    | Stride is incompatible                                                                                  |
| m_axi_gmem14        | V_cache     | ../transformer/cct_modules_backward.h:654:29 | read      | Inferred     | 64     | VITIS_LOOP_648_3 | ../transformer/cct_modules_backward.h:648:31 |            |                                                                                                         |
| m_axi_gmem15        | probs_cache | ../transformer/cct_modules_backward.h:37:61  | read      | Fail         |        | VITIS_LOOP_37_2  | ../transformer/cct_modules_backward.h:37:26  | 214-230    | Stride is incompatible                                                                                  |
| m_axi_gmem15        | probs_cache | ../transformer/cct_modules_backward.h:128:27 | read      | Widen Fail   |        | VITIS_LOOP_126_2 | ../transformer/cct_modules_backward.h:126:27 | 214-353    | Could not widen since type float size is greater than or equal to the max_widen_bitwidth threshold of 0 |
| m_axi_gmem15        | probs_cache | ../transformer/cct_modules_backward.h:128:27 | read      | Fail         |        |                  |                                              | 214-231    | Access is clobbered by a                                                                                |
| m_axi_gmem15        | probs_cache | ../transformer/cct_modules_backward.h:128:27 | read      | Inferred     | 16     | VITIS_LOOP_125_1 | ../transformer/cct_modules_backward.h:125:23 |            |                                                                                                         |
| m_axi_gmem16,gmem0  | in          | ../transformer/cct_modules_backward.h:65:20  | read      | Widen Fail   |        | VITIS_LOOP_63_2  | ../transformer/cct_modules_backward.h:63:26  | 214-353    | Could not widen since type float size is greater than or equal to the max_widen_bitwidth threshold of 0 |
| m_axi_gmem16,gmem0  | in          | ../transformer/cct_modules_backward.h:65:20  | read      | Fail         |        |                  |                                              | 214-231    | Access is clobbered by load                                                                             |
| m_axi_gmem16,gmem0  | in          | ../transformer/cct_modules_backward.h:65:20  | read      | Inferred     | 256    | VITIS_LOOP_63_2  | ../transformer/cct_modules_backward.h:63:26  |            |                                                                                                         |
| m_axi_gmem16,gmem0  | in          | ../transformer/cct_modules_backward.h:72:26  | read      | Widen Fail   |        | VITIS_LOOP_70_3  | ../transformer/cct_modules_backward.h:70:26  | 214-353    | Could not widen since type float size is greater than or equal to the max_widen_bitwidth threshold of 0 |
| m_axi_gmem16,gmem0  | in          | ../transformer/cct_modules_backward.h:72:26  | read      | Fail         |        |                  |                                              | 214-231    | Access is clobbered by load                                                                             |
| m_axi_gmem16,gmem0  | in          | ../transformer/cct_modules_backward.h:72:26  | read      | Inferred     | 256    | VITIS_LOOP_70_3  | ../transformer/cct_modules_backward.h:70:26  |            |                                                                                                         |
| m_axi_gmem17,gmem11 | out         | ../transformer/cct_modules_backward.h:84:38  | read      | Widen Fail   |        | VITIS_LOOP_80_4  | ../transformer/cct_modules_backward.h:80:26  | 214-353    | Could not widen since type float size is greater than or equal to the max_widen_bitwidth threshold of 0 |
| m_axi_gmem17,gmem11 | out         | ../transformer/cct_modules_backward.h:84:38  | read      | Fail         |        |                  |                                              | 214-231    | Access is clobbered by load                                                                             |
| m_axi_gmem17,gmem11 | out         | ../transformer/cct_modules_backward.h:84:38  | read      | Inferred     | 256    | VITIS_LOOP_80_4  | ../transformer/cct_modules_backward.h:80:26  |            |                                                                                                         |
| m_axi_gmem17,gmem11 | out         | ../transformer/cct_modules_backward.h:92:47  | read      | Widen Fail   |        | VITIS_LOOP_89_5  | ../transformer/cct_modules_backward.h:89:26  | 214-353    | Could not widen since type float size is greater than or equal to the max_widen_bitwidth threshold of 0 |
| m_axi_gmem17,gmem11 | out         | ../transformer/cct_modules_backward.h:92:47  | read      | Fail         |        |                  |                                              | 214-231    | Access is clobbered by load                                                                             |
| m_axi_gmem17,gmem11 | out         | ../transformer/cct_modules_backward.h:92:47  | read      | Inferred     | 256    | VITIS_LOOP_89_5  | ../transformer/cct_modules_backward.h:89:26  |            |                                                                                                         |
| m_axi_gmem18        | inner       | ../transformer/cct_modules_backward.h:190:19 | read      | Widen Fail   |        | VITIS_LOOP_188_1 | ../transformer/cct_modules_backward.h:188:23 | 214-353    | Could not widen since type float size is greater than or equal to the max_widen_bitwidth threshold of 0 |
| m_axi_gmem18        | inner       | ../transformer/cct_modules_backward.h:190:19 | read      | Inferred     | 2048   | VITIS_LOOP_188_1 | ../transformer/cct_modules_backward.h:188:23 |            |                                                                                                         |
| m_axi_gmem19        | dOut        | ../transformer/cct_modules_backward.h:20:61  | read      | Inferred     | 1024   | VITIS_LOOP_18_1  | ../transformer/cct_modules_backward.h:18:22  |            |                                                                                                         |
| m_axi_gmem19        | dOut        | ../transformer/cct_modules_backward.h:780:22 | read      | Widen Fail   |        | VITIS_LOOP_20_2  | ../transformer/cct_modules_backward.h:20:26  | 214-353    | Could not widen since type float size is greater than or equal to the max_widen_bitwidth threshold of 0 |
| m_axi_gmem19        | dOut        | ../transformer/cct_modules_backward.h:780:22 | read      | Widen Fail   |        | VITIS_LOOP_778_1 | ../transformer/cct_modules_backward.h:778:23 | 214-353    | Could not widen since type float size is greater than or equal to the max_widen_bitwidth threshold of 0 |
| m_axi_gmem19        | dOut        | ../transformer/cct_modules_backward.h:780:22 | read      | Inferred     | 1024   | VITIS_LOOP_778_1 | ../transformer/cct_modules_backward.h:778:23 |            |                                                                                                         |
| m_axi_gmem2         | WK          | ../transformer/cct_modules_backward.h:25:31  | read      | Widen Fail   |        | VITIS_LOOP_23_4  | ../transformer/cct_modules_backward.h:23:30  | 214-353    | Could not widen since type float size is greater than or equal to the max_widen_bitwidth threshold of 0 |
| m_axi_gmem2         | WK          | ../transformer/cct_modules_backward.h:25:31  | read      | Fail         |        | VITIS_LOOP_18_1  | ../transformer/cct_modules_backward.h:18:22  | 214-229    | Could not analyze pattern                                                                               |
| m_axi_gmem2         | WK          | ../transformer/cct_modules_backward.h:25:31  | read      | Inferred     | 65536  | VITIS_LOOP_21_3  | ../transformer/cct_modules_backward.h:21:26  |            |                                                                                                         |
| m_axi_gmem20        | dX          | ../transformer/cct_modules_backward.h:797:15 | write     | Widen Fail   |        | VITIS_LOOP_795_2 | ../transformer/cct_modules_backward.h:795:23 | 214-353    | Could not widen since type float size is greater than or equal to the max_widen_bitwidth threshold of 0 |
| m_axi_gmem20        | dX          | ../transformer/cct_modules_backward.h:797:15 | write     | Inferred     | 1024   | VITIS_LOOP_795_2 | ../transformer/cct_modules_backward.h:795:23 |            |                                                                                                         |
| m_axi_gmem21,gmem23 | dA          | ../transformer/cct_modules_backward.h:44:29  | write     | Widen Fail   |        | VITIS_LOOP_39_3  | ../transformer/cct_modules_backward.h:39:26  | 214-353    | Could not widen since type float size is greater than or equal to the max_widen_bitwidth threshold of 0 |
| m_axi_gmem21,gmem23 | dA          | ../transformer/cct_modules_backward.h:44:29  | write     | Inferred     | 1024   | VITIS_LOOP_34_1  | ../transformer/cct_modules_backward.h:34:22  |            |                                                                                                         |
| m_axi_gmem22,gmem24 | dB          | ../transformer/cct_modules_backward.h:44:29  | write     | Widen Fail   |        | VITIS_LOOP_39_3  | ../transformer/cct_modules_backward.h:39:26  | 214-353    | Could not widen since type float size is greater than or equal to the max_widen_bitwidth threshold of 0 |
| m_axi_gmem22,gmem24 | dB          | ../transformer/cct_modules_backward.h:44:29  | write     | Inferred     | 1024   | VITIS_LOOP_34_1  | ../transformer/cct_modules_backward.h:34:22  |            |                                                                                                         |
| m_axi_gmem4         | WO          | ../transformer/cct_modules_backward.h:25:31  | read      | Widen Fail   |        | VITIS_LOOP_23_4  | ../transformer/cct_modules_backward.h:23:30  | 214-353    | Could not widen since type float size is greater than or equal to the max_widen_bitwidth threshold of 0 |
| m_axi_gmem4         | WO          | ../transformer/cct_modules_backward.h:25:31  | read      | Fail         |        | VITIS_LOOP_18_1  | ../transformer/cct_modules_backward.h:18:22  | 214-229    | Could not analyze pattern                                                                               |
| m_axi_gmem4         | WO          | ../transformer/cct_modules_backward.h:25:31  | read      | Inferred     | 65536  | VITIS_LOOP_21_3  | ../transformer/cct_modules_backward.h:21:26  |            |                                                                                                         |
| m_axi_gmem5,gmem7   | A           | ../transformer/cct_modules.h:97:21           | read      | Fail         |        | VITIS_LOOP_91_3  | ../transformer/cct_modules.h:91:30           | 214-230    | Stride is incompatible                                                                                  |
| m_axi_gmem5,gmem7   | A           | ../transformer/cct_modules_backward.h:25:31  | read      | Widen Fail   |        | VITIS_LOOP_23_4  | ../transformer/cct_modules_backward.h:23:30  | 214-353    | Could not widen since type float size is greater than or equal to the max_widen_bitwidth threshold of 0 |
| m_axi_gmem5,gmem7   | A           | ../transformer/cct_modules_backward.h:25:31  | read      | Fail         |        | VITIS_LOOP_18_1  | ../transformer/cct_modules_backward.h:18:22  | 214-229    | Could not analyze pattern                                                                               |
| m_axi_gmem5,gmem7   | A           | ../transformer/cct_modules_backward.h:25:31  | read      | Inferred     | 1024   | VITIS_LOOP_21_3  | ../transformer/cct_modules_backward.h:21:26  |            |                                                                                                         |
| m_axi_gmem6,gmem8   | B           | ../transformer/cct_modules_backward.h:25:31  | read      | Widen Fail   |        | VITIS_LOOP_23_4  | ../transformer/cct_modules_backward.h:23:30  | 214-353    | Could not widen since type float size is greater than or equal to the max_widen_bitwidth threshold of 0 |
| m_axi_gmem6,gmem8   | B           | ../transformer/cct_modules_backward.h:25:31  | read      | Fail         |        | VITIS_LOOP_18_1  | ../transformer/cct_modules_backward.h:18:22  | 214-229    | Could not analyze pattern                                                                               |
| m_axi_gmem6,gmem8   | B           | ../transformer/cct_modules_backward.h:25:31  | read      | Inferred     | 1024   | VITIS_LOOP_21_3  | ../transformer/cct_modules_backward.h:21:26  |            |                                                                                                         |
| m_axi_gmem9         | W1          | ../transformer/cct_modules_backward.h:25:31  | read      | Widen Fail   |        | VITIS_LOOP_23_4  | ../transformer/cct_modules_backward.h:23:30  | 214-353    | Could not widen since type float size is greater than or equal to the max_widen_bitwidth threshold of 0 |
| m_axi_gmem9         | W1          | ../transformer/cct_modules_backward.h:25:31  | read      | Fail         |        | VITIS_LOOP_18_1  | ../transformer/cct_modules_backward.h:18:22  | 214-229    | Could not analyze pattern                                                                               |
| m_axi_gmem9         | W1          | ../transformer/cct_modules_backward.h:25:31  | read      | Inferred     | 131072 | VITIS_LOOP_21_3  | ../transformer/cct_modules_backward.h:21:26  |            |                                                                                                         |
+---------------------+-------------+----------------------------------------------+-----------+--------------+--------+------------------+----------------------------------------------+------------+---------------------------------------------------------------------------------------------------------+

    * Resolution URL: docs.amd.com/access/sources/dita/topic?Doc_Version=2026.1%20English&url=ug1448-hls-guidance&resourceid=XXX-YYY.html (replace XXX-YYY with column value)

================================================================
== Bind Op Report
================================================================
+-------------------------------------------------------------------------------------+-----+--------+---------------+-----------+--------------------------+---------+
| Name                                                                                | DSP | Pragma | Variable      | Op        | Impl                     | Latency |
+-------------------------------------------------------------------------------------+-----+--------+---------------+-----------+--------------------------+---------+
| + transformer_block_lora_backward                                                   | 257 |        |               |           |                          |         |
|  + mlp_backward_impl_4_256_512_s                                                    | 197 |        |               |           |                          |         |
|    icmp_ln18_fu_264_p2                                                              |     |        | icmp_ln18     | seteq     | auto                     | 0       |
|    add_ln18_fu_270_p2                                                               |     |        | add_ln18      | add       | fabric                   | 0       |
|    icmp_ln18_2_fu_338_p2                                                            |     |        | icmp_ln18_2   | seteq     | auto                     | 0       |
|    add_ln18_2_fu_344_p2                                                             |     |        | add_ln18_2    | add       | fabric                   | 0       |
|   + mlp_backward_impl_4_256_512_Pipeline_VITIS_LOOP_20_2                            | 0   |        |               |           |                          |         |
|     icmp_ln20_fu_88_p2                                                              |     |        | icmp_ln20     | seteq     | auto                     | 0       |
|     add_ln20_fu_94_p2                                                               |     |        | add_ln20      | add       | fabric                   | 0       |
|   + mlp_backward_impl_4_256_512_Pipeline_VITIS_LOOP_21_3_VITIS_LOOP_23_4            | 0   |        |               |           |                          |         |
|     icmp_ln21_fu_160_p2                                                             |     |        | icmp_ln21     | seteq     | auto                     | 0       |
|     add_ln21_fu_166_p2                                                              |     |        | add_ln21      | add       | fabric                   | 0       |
|     icmp_ln2374_fu_175_p2                                                           |     |        | icmp_ln2374   | seteq     | auto                     | 0       |
|     select_ln21_fu_181_p3                                                           |     |        | select_ln21   | select    | auto_sel                 | 0       |
|     select_ln21_4_fu_229_p3                                                         |     |        | select_ln21_4 | select    | auto_sel                 | 0       |
|     empty_fu_239_p3                                                                 |     |        | empty         | select    | auto_sel                 | 0       |
|     add_ln2171_fu_246_p2                                                            |     |        | add_ln2171    | add       | fabric                   | 0       |
|     add_ln23_fu_194_p2                                                              |     |        | add_ln23      | add       | fabric                   | 0       |
|     icmp_ln23_fu_200_p2                                                             |     |        | icmp_ln23     | seteq     | auto                     | 0       |
|     add_ln27_fu_256_p2                                                              |     |        | add_ln27      | add       | fabric                   | 0       |
|   + mlp_backward_impl_4_256_512_Pipeline_VITIS_LOOP_188_1                           | 197 |        |               |           |                          |         |
|     icmp_ln188_fu_170_p2                                                            |     |        | icmp_ln188    | seteq     | auto                     | 0       |
|     add_ln188_fu_176_p2                                                             |     |        | add_ln188     | add       | fabric                   | 0       |
|     fdiv_32ns_32ns_32_6_no_dsp_1_U100                                               |     |        | x_assign      | fdiv      | fabric                   | 5       |
|     fexp_32ns_32ns_32_4_full_dsp_1_U101                                             | 7   |        | tmp_8         | fexp      | fulldsp                  | 3       |
|     fmul_32ns_32ns_32_2_max_dsp_1_U98                                               | 3   |        | mul8_i        | fmul      | maxdsp                   | 1       |
|     fmul_32ns_32ns_32_2_max_dsp_1_U99                                               | 3   |        | mul10_i       | fmul      | maxdsp                   | 1       |
|    + generic_erf_float_s                                                            | 184 |        |               |           |                          |         |
|      icmp_ln40_fu_924_p2                                                            |     |        | icmp_ln40     | setne     | auto                     | 0       |
|      icmp_ln41_fu_930_p2                                                            |     |        | icmp_ln41     | seteq     | auto                     | 0       |
|      or_ln40_fu_936_p2                                                              |     |        | or_ln40       | or        | auto                     | 0       |
|      icmp_ln444_fu_942_p2                                                           |     |        | icmp_ln444    | setgt     | auto                     | 0       |
|      icmp_ln452_fu_948_p2                                                           |     |        | icmp_ln452    | setlt     | auto                     | 0       |
|      icmp_ln475_fu_954_p2                                                           |     |        | icmp_ln475    | setlt     | auto                     | 0       |
|      icmp_ln495_fu_960_p2                                                           |     |        | icmp_ln495    | setgt     | auto                     | 0       |
|      fmul_32ns_32ns_32_2_max_dsp_0_U42                                              | 3   |        | mul25         | fmul      | maxdsp                   | 1       |
|      fdiv_32ns_32ns_32_6_no_dsp_0_U79                                               |     |        | s_2           | fdiv      | fabric                   | 5       |
|      icmp_ln500_fu_978_p2                                                           |     |        | icmp_ln500    | setlt     | auto                     | 0       |
|      fmul_32ns_32ns_32_2_max_dsp_0_U57                                              | 3   |        | s2_2          | fmul      | maxdsp                   | 1       |
|      fmul_32ns_32ns_32_2_max_dsp_0_U66                                              | 3   |        | s4_1          | fmul      | maxdsp                   | 1       |
|      fmul_32ns_32ns_32_2_max_dsp_0_U67                                              | 3   |        | s6_1          | fmul      | maxdsp                   | 1       |
|      fmul_32ns_32ns_32_2_max_dsp_0_U58                                              | 3   |        | mul26         | fmul      | maxdsp                   | 1       |
|      fadd_32ns_32ns_32_2_full_dsp_0_U23                                             | 2   |        | R1            | fadd      | fulldsp                  | 1       |
|      fmul_32ns_32ns_32_2_max_dsp_0_U59                                              | 3   |        | mul27         | fmul      | maxdsp                   | 1       |
|      fadd_32ns_32ns_32_2_full_dsp_0_U24                                             | 2   |        | S1            | fadd      | fulldsp                  | 1       |
|      fmul_32ns_32ns_32_2_max_dsp_0_U60                                              | 3   |        | mul28         | fmul      | maxdsp                   | 1       |
|      fadd_32ns_32ns_32_2_full_dsp_0_U25                                             | 2   |        | R2            | fadd      | fulldsp                  | 1       |
|      fmul_32ns_32ns_32_2_max_dsp_0_U61                                              | 3   |        | mul29         | fmul      | maxdsp                   | 1       |
|      fadd_32ns_32ns_32_2_full_dsp_0_U26                                             | 2   |        | S2            | fadd      | fulldsp                  | 1       |
|      fmul_32ns_32ns_32_2_max_dsp_0_U68                                              | 3   |        | s8            | fmul      | maxdsp                   | 1       |
|      fmul_32ns_32ns_32_2_max_dsp_0_U62                                              | 3   |        | mul30         | fmul      | maxdsp                   | 1       |
|      fadd_32ns_32ns_32_2_full_dsp_0_U27                                             | 2   |        | R3            | fadd      | fulldsp                  | 1       |
|      fmul_32ns_32ns_32_2_max_dsp_0_U63                                              | 3   |        | mul31         | fmul      | maxdsp                   | 1       |
|      fadd_32ns_32ns_32_2_full_dsp_0_U28                                             | 2   |        | S3            | fadd      | fulldsp                  | 1       |
|      fmul_32ns_32ns_32_2_max_dsp_0_U64                                              | 3   |        | mul32         | fmul      | maxdsp                   | 1       |
|      fadd_32ns_32ns_32_2_full_dsp_0_U29                                             | 2   |        | R4            | fadd      | fulldsp                  | 1       |
|      fmul_32ns_32ns_32_2_max_dsp_0_U65                                              | 3   |        | mul33         | fmul      | maxdsp                   | 1       |
|      fadd_32ns_32ns_32_2_full_dsp_0_U30                                             | 2   |        | S4            | fadd      | fulldsp                  | 1       |
|      fmul_32ns_32ns_32_2_max_dsp_0_U69                                              | 3   |        | mul34         | fmul      | maxdsp                   | 1       |
|      fadd_32ns_32ns_32_2_full_dsp_0_U33                                             | 2   |        | add10         | fadd      | fulldsp                  | 1       |
|      fmul_32ns_32ns_32_2_max_dsp_0_U70                                              | 3   |        | mul35         | fmul      | maxdsp                   | 1       |
|      fadd_32ns_32ns_32_2_full_dsp_0_U35                                             | 2   |        | add11         | fadd      | fulldsp                  | 1       |
|      fmul_32ns_32ns_32_2_max_dsp_0_U73                                              | 3   |        | mul36         | fmul      | maxdsp                   | 1       |
|      fadd_32ns_32ns_32_2_full_dsp_0_U37                                             | 2   |        | R             | fadd      | fulldsp                  | 1       |
|      fmul_32ns_32ns_32_2_max_dsp_0_U71                                              | 3   |        | mul37         | fmul      | maxdsp                   | 1       |
|      fadd_32ns_32ns_32_2_full_dsp_0_U34                                             | 2   |        | add12         | fadd      | fulldsp                  | 1       |
|      fmul_32ns_32ns_32_2_max_dsp_0_U72                                              | 3   |        | mul38         | fmul      | maxdsp                   | 1       |
|      fadd_32ns_32ns_32_2_full_dsp_0_U36                                             | 2   |        | add13         | fadd      | fulldsp                  | 1       |
|      fmul_32ns_32ns_32_2_max_dsp_0_U74                                              | 3   |        | mul39         | fmul      | maxdsp                   | 1       |
|      fadd_32ns_32ns_32_2_full_dsp_0_U38                                             | 2   |        | add14         | fadd      | fulldsp                  | 1       |
|      fmul_32ns_32ns_32_2_max_dsp_0_U75                                              | 3   |        | mul40         | fmul      | maxdsp                   | 1       |
|      faddfsub_32ns_32ns_32_2_full_dsp_0_U39                                         | 2   |        | S             | fadd      | fulldsp                  | 1       |
|      fmul_32ns_32ns_32_2_max_dsp_0_U58                                              | 3   |        | mul41         | fmul      | maxdsp                   | 1       |
|      fadd_32ns_32ns_32_2_full_dsp_0_U23                                             | 2   |        | R1_1          | fadd      | fulldsp                  | 1       |
|      fmul_32ns_32ns_32_2_max_dsp_0_U59                                              | 3   |        | mul42         | fmul      | maxdsp                   | 1       |
|      fadd_32ns_32ns_32_2_full_dsp_0_U24                                             | 2   |        | S1_1          | fadd      | fulldsp                  | 1       |
|      fmul_32ns_32ns_32_2_max_dsp_0_U60                                              | 3   |        | mul43         | fmul      | maxdsp                   | 1       |
|      fadd_32ns_32ns_32_2_full_dsp_0_U25                                             | 2   |        | R2_1          | fadd      | fulldsp                  | 1       |
|      fmul_32ns_32ns_32_2_max_dsp_0_U61                                              | 3   |        | mul44         | fmul      | maxdsp                   | 1       |
|      fadd_32ns_32ns_32_2_full_dsp_0_U26                                             | 2   |        | S2_1          | fadd      | fulldsp                  | 1       |
|      fmul_32ns_32ns_32_2_max_dsp_0_U62                                              | 3   |        | mul45         | fmul      | maxdsp                   | 1       |
|      fadd_32ns_32ns_32_2_full_dsp_0_U27                                             | 2   |        | R3_1          | fadd      | fulldsp                  | 1       |
|      fmul_32ns_32ns_32_2_max_dsp_0_U63                                              | 3   |        | mul46         | fmul      | maxdsp                   | 1       |
|      fadd_32ns_32ns_32_2_full_dsp_0_U28                                             | 2   |        | S3_1          | fadd      | fulldsp                  | 1       |
|      fmul_32ns_32ns_32_2_max_dsp_0_U64                                              | 3   |        | mul47         | fmul      | maxdsp                   | 1       |
|      fadd_32ns_32ns_32_2_full_dsp_0_U29                                             | 2   |        | S4_1          | fadd      | fulldsp                  | 1       |
|      fmul_32ns_32ns_32_2_max_dsp_0_U68                                              | 3   |        | mul48         | fmul      | maxdsp                   | 1       |
|      fadd_32ns_32ns_32_2_full_dsp_0_U33                                             | 2   |        | add15         | fadd      | fulldsp                  | 1       |
|      fmul_32ns_32ns_32_2_max_dsp_0_U69                                              | 3   |        | mul49         | fmul      | maxdsp                   | 1       |
|      fadd_32ns_32ns_32_2_full_dsp_0_U35                                             | 2   |        | add16         | fadd      | fulldsp                  | 1       |
|      fmul_32ns_32ns_32_2_max_dsp_0_U73                                              | 3   |        | mul50         | fmul      | maxdsp                   | 1       |
|      fadd_32ns_32ns_32_2_full_dsp_0_U37                                             | 2   |        | R_1           | fadd      | fulldsp                  | 1       |
|      fmul_32ns_32ns_32_2_max_dsp_0_U70                                              | 3   |        | mul51         | fmul      | maxdsp                   | 1       |
|      fadd_32ns_32ns_32_2_full_dsp_0_U34                                             | 2   |        | add17         | fadd      | fulldsp                  | 1       |
|      fmul_32ns_32ns_32_2_max_dsp_0_U71                                              | 3   |        | mul52         | fmul      | maxdsp                   | 1       |
|      fadd_32ns_32ns_32_2_full_dsp_0_U36                                             | 2   |        | add18         | fadd      | fulldsp                  | 1       |
|      fmul_32ns_32ns_32_2_max_dsp_0_U74                                              | 3   |        | mul53         | fmul      | maxdsp                   | 1       |
|      fadd_32ns_32ns_32_2_full_dsp_0_U38                                             | 2   |        | S_1           | fadd      | fulldsp                  | 1       |
|      grp_fu_558_p1                                                                  |     |        | S_2           | select    | auto_sel                 | 0       |
|      R_2_fu_1049_p3                                                                 |     |        | R_2           | select    | auto_sel                 | 0       |
|      fmul_32ns_32ns_32_2_max_dsp_0_U43                                              | 3   |        | mul54         | fmul      | maxdsp                   | 1       |
|      fadd_32ns_32ns_32_2_full_dsp_0_U13                                             | 2   |        | x_assign      | fadd      | fulldsp                  | 1       |
|      fexp_32ns_32ns_32_4_full_dsp_0_U84                                             | 7   |        | tmp_s         | fexp      | fulldsp                  | 3       |
|      faddfsub_32ns_32ns_32_2_full_dsp_0_U11                                         | 2   |        | sub6          | fsub      | fulldsp                  | 1       |
|      fadd_32ns_32ns_32_2_full_dsp_0_U12                                             | 2   |        | add19         | fadd      | fulldsp                  | 1       |
|      fmul_32ns_32ns_32_2_max_dsp_0_U44                                              | 3   |        | mul55         | fmul      | maxdsp                   | 1       |
|      fdiv_32ns_32ns_32_6_no_dsp_0_U82                                               |     |        | div4          | fdiv      | fabric                   | 5       |
|      fadd_32ns_32ns_32_2_full_dsp_0_U40                                             | 2   |        | x_assign_2    | fadd      | fulldsp                  | 1       |
|      fexp_32ns_32ns_32_4_full_dsp_0_U85                                             | 7   |        | tmp_1         | fexp      | fulldsp                  | 3       |
|      fmul_32ns_32ns_32_2_max_dsp_0_U77                                              | 3   |        | r_1           | fmul      | maxdsp                   | 1       |
|      fdiv_32ns_32ns_32_6_no_dsp_0_U83                                               |     |        | div5          | fdiv      | fabric                   | 5       |
|      faddfsub_32ns_32ns_32_2_full_dsp_0_U41                                         | 2   |        | sub7          | fsub      | fulldsp                  | 1       |
|      faddfsub_32ns_32ns_32_2_full_dsp_0_U41                                         | 2   |        | sub8          | fsub      | fulldsp                  | 1       |
|      select_ln547_fu_1064_p3                                                        |     |        | select_ln547  | select    | auto_sel                 | 0       |
|      select_ln496_fu_1072_p3                                                        |     |        | select_ln496  | select    | auto_sel                 | 0       |
|      faddfsub_32ns_32ns_32_2_full_dsp_0_U11                                         | 2   |        | s_1           | fsub      | fulldsp                  | 1       |
|      fmul_32ns_32ns_32_2_max_dsp_0_U44                                              | 3   |        | mul13         | fmul      | maxdsp                   | 1       |
|      fadd_32ns_32ns_32_2_full_dsp_0_U14                                             | 2   |        | P1            | fadd      | fulldsp                  | 1       |
|      fmul_32ns_32ns_32_2_max_dsp_0_U45                                              | 3   |        | s2_1          | fmul      | maxdsp                   | 1       |
|      fmul_32ns_32ns_32_2_max_dsp_0_U46                                              | 3   |        | mul14         | fmul      | maxdsp                   | 1       |
|      fadd_32ns_32ns_32_2_full_dsp_0_U15                                             | 2   |        | Q1            | fadd      | fulldsp                  | 1       |
|      fmul_32ns_32ns_32_2_max_dsp_0_U51                                              | 3   |        | s4            | fmul      | maxdsp                   | 1       |
|      fmul_32ns_32ns_32_2_max_dsp_0_U47                                              | 3   |        | mul15         | fmul      | maxdsp                   | 1       |
|      fadd_32ns_32ns_32_2_full_dsp_0_U16                                             | 2   |        | P2            | fadd      | fulldsp                  | 1       |
|      fmul_32ns_32ns_32_2_max_dsp_0_U52                                              | 3   |        | s6            | fmul      | maxdsp                   | 1       |
|      fmul_32ns_32ns_32_2_max_dsp_0_U48                                              | 3   |        | mul16         | fmul      | maxdsp                   | 1       |
|      fadd_32ns_32ns_32_2_full_dsp_0_U17                                             | 2   |        | Q2            | fadd      | fulldsp                  | 1       |
|      fmul_32ns_32ns_32_2_max_dsp_0_U49                                              | 3   |        | mul17         | fmul      | maxdsp                   | 1       |
|      fadd_32ns_32ns_32_2_full_dsp_0_U18                                             | 2   |        | P3            | fadd      | fulldsp                  | 1       |
|      fmul_32ns_32ns_32_2_max_dsp_0_U50                                              | 3   |        | mul18         | fmul      | maxdsp                   | 1       |
|      fadd_32ns_32ns_32_2_full_dsp_0_U19                                             | 2   |        | Q3            | fadd      | fulldsp                  | 1       |
|      fmul_32ns_32ns_32_2_max_dsp_0_U53                                              | 3   |        | mul19         | fmul      | maxdsp                   | 1       |
|      fadd_32ns_32ns_32_2_full_dsp_0_U21                                             | 2   |        | add4          | fadd      | fulldsp                  | 1       |
|      fmul_32ns_32ns_32_2_max_dsp_0_U54                                              | 3   |        | mul20         | fmul      | maxdsp                   | 1       |
|      fadd_32ns_32ns_32_2_full_dsp_0_U23                                             | 2   |        | add5          | fadd      | fulldsp                  | 1       |
|      fmul_32ns_32ns_32_2_max_dsp_0_U57                                              | 3   |        | mul21         | fmul      | maxdsp                   | 1       |
|      fadd_32ns_32ns_32_2_full_dsp_0_U31                                             | 2   |        | P             | fadd      | fulldsp                  | 1       |
|      fmul_32ns_32ns_32_2_max_dsp_0_U55                                              | 3   |        | mul22         | fmul      | maxdsp                   | 1       |
|      fadd_32ns_32ns_32_2_full_dsp_0_U22                                             | 2   |        | add6          | fadd      | fulldsp                  | 1       |
|      fmul_32ns_32ns_32_2_max_dsp_0_U56                                              | 3   |        | mul23         | fmul      | maxdsp                   | 1       |
|      fadd_32ns_32ns_32_2_full_dsp_0_U24                                             | 2   |        | add7          | fadd      | fulldsp                  | 1       |
|      fmul_32ns_32ns_32_2_max_dsp_0_U58                                              | 3   |        | mul24         | fmul      | maxdsp                   | 1       |
|      fadd_32ns_32ns_32_2_full_dsp_0_U32                                             | 2   |        | Q             | fadd      | fulldsp                  | 1       |
|      fdiv_32ns_32ns_32_6_no_dsp_0_U81                                               |     |        | div2          | fdiv      | fabric                   | 5       |
|      faddfsub_32ns_32ns_32_2_full_dsp_0_U39                                         | 2   |        | add8          | fadd      | fulldsp                  | 1       |
|      faddfsub_32ns_32ns_32_2_full_dsp_0_U39                                         | 2   |        | sub3          | fadd      | fulldsp                  | 1       |
|      icmp_ln454_fu_1037_p2                                                          |     |        | icmp_ln454    | setlt     | auto                     | 0       |
|      fmul_32ns_32ns_32_2_max_dsp_0_U42                                              | 3   |        | z             | fmul      | maxdsp                   | 1       |
|      fmul_32ns_32ns_32_2_max_dsp_0_U44                                              | 3   |        | mul6          | fmul      | maxdsp                   | 1       |
|      fadd_32ns_32ns_32_2_full_dsp_0_U14                                             | 2   |        | r1            | fadd      | fulldsp                  | 1       |
|      fmul_32ns_32ns_32_2_max_dsp_0_U45                                              | 3   |        | z2            | fmul      | maxdsp                   | 1       |
|      fmul_32ns_32ns_32_2_max_dsp_0_U46                                              | 3   |        | mul8          | fmul      | maxdsp                   | 1       |
|      fadd_32ns_32ns_32_2_full_dsp_0_U15                                             | 2   |        | r2            | fadd      | fulldsp                  | 1       |
|      fmul_32ns_32ns_32_2_max_dsp_0_U51                                              | 3   |        | z4            | fmul      | maxdsp                   | 1       |
|      fmul_32ns_32ns_32_2_max_dsp_0_U47                                              | 3   |        | mul1          | fmul      | maxdsp                   | 1       |
|      fadd_32ns_32ns_32_2_full_dsp_0_U16                                             | 2   |        | s1            | fadd      | fulldsp                  | 1       |
|      fmul_32ns_32ns_32_2_max_dsp_0_U48                                              | 3   |        | mul2          | fmul      | maxdsp                   | 1       |
|      fadd_32ns_32ns_32_2_full_dsp_0_U17                                             | 2   |        | s2            | fadd      | fulldsp                  | 1       |
|      fmul_32ns_32ns_32_2_max_dsp_0_U49                                              | 3   |        | mul5          | fmul      | maxdsp                   | 1       |
|      fadd_32ns_32ns_32_2_full_dsp_0_U18                                             | 2   |        | s3            | fadd      | fulldsp                  | 1       |
|      fmul_32ns_32ns_32_2_max_dsp_0_U52                                              | 3   |        | mul7          | fmul      | maxdsp                   | 1       |
|      fadd_32ns_32ns_32_2_full_dsp_0_U21                                             | 2   |        | add9          | fadd      | fulldsp                  | 1       |
|      fmul_32ns_32ns_32_2_max_dsp_0_U53                                              | 3   |        | mul9          | fmul      | maxdsp                   | 1       |
|      fadd_32ns_32ns_32_2_full_dsp_0_U23                                             | 2   |        | r             | fadd      | fulldsp                  | 1       |
|      fmul_32ns_32ns_32_2_max_dsp_0_U54                                              | 3   |        | mul10         | fmul      | maxdsp                   | 1       |
|      fadd_32ns_32ns_32_2_full_dsp_0_U22                                             | 2   |        | add1          | fadd      | fulldsp                  | 1       |
|      fmul_32ns_32ns_32_2_max_dsp_0_U55                                              | 3   |        | mul11         | fmul      | maxdsp                   | 1       |
|      fadd_32ns_32ns_32_2_full_dsp_0_U24                                             | 2   |        | s             | fadd      | fulldsp                  | 1       |
|      fdiv_32ns_32ns_32_6_no_dsp_0_U80                                               |     |        | y             | fdiv      | fabric                   | 5       |
|      fmul_32ns_32ns_32_2_max_dsp_0_U76                                              | 3   |        | mul12         | fmul      | maxdsp                   | 1       |
|      faddfsub_32ns_32ns_32_2_full_dsp_0_U39                                         | 2   |        | add2          | fadd      | fulldsp                  | 1       |
|      fmul_32ns_32ns_32_2_max_dsp_0_U42                                              | 3   |        | mul           | fmul      | maxdsp                   | 1       |
|      fmul_32ns_32ns_32_2_max_dsp_0_U43                                              | 3   |        | mul3          | fmul      | maxdsp                   | 1       |
|      fadd_32ns_32ns_32_2_full_dsp_0_U13                                             | 2   |        | add3          | fadd      | fulldsp                  | 1       |
|      fmul_32ns_32ns_32_2_max_dsp_0_U51                                              | 3   |        | mul4          | fmul      | maxdsp                   | 1       |
|      icmp_ln446_fu_1043_p2                                                          |     |        | icmp_ln446    | setgt     | auto                     | 0       |
|      fdiv_32ns_32ns_32_6_no_dsp_0_U78                                               |     |        | div           | fdiv      | fabric                   | 5       |
|      fadd_32ns_32ns_32_2_full_dsp_0_U20                                             | 2   |        | sub           | fadd      | fulldsp                  | 1       |
|      fadd_32ns_32ns_32_2_full_dsp_0_U20                                             | 2   |        | add           | fadd      | fulldsp                  | 1       |
|   + mlp_backward_impl_4_256_512_Pipeline_VITIS_LOOP_20_25                           | 0   |        |               |           |                          |         |
|     icmp_ln20_fu_79_p2                                                              |     |        | icmp_ln20     | seteq     | auto                     | 0       |
|     add_ln20_fu_85_p2                                                               |     |        | add_ln20      | add       | fabric                   | 0       |
|     add_ln20_4_fu_95_p2                                                             |     |        | add_ln20_4    | add       | fabric                   | 0       |
|   + mlp_backward_impl_4_256_512_Pipeline_VITIS_LOOP_21_3_VITIS_LOOP_23_46           | 0   |        |               |           |                          |         |
|     icmp_ln21_fu_160_p2                                                             |     |        | icmp_ln21     | seteq     | auto                     | 0       |
|     add_ln21_fu_166_p2                                                              |     |        | add_ln21      | add       | fabric                   | 0       |
|     icmp_ln23_fu_175_p2                                                             |     |        | icmp_ln23     | seteq     | auto                     | 0       |
|     select_ln21_fu_181_p3                                                           |     |        | select_ln21   | select    | auto_sel                 | 0       |
|     select_ln21_3_fu_229_p3                                                         |     |        | select_ln21_3 | select    | auto_sel                 | 0       |
|     empty_fu_239_p3                                                                 |     |        | empty         | select    | auto_sel                 | 0       |
|     add_ln21_3_fu_246_p2                                                            |     |        | add_ln21_3    | add       | fabric                   | 0       |
|     add_ln23_fu_194_p2                                                              |     |        | add_ln23      | add       | fabric                   | 0       |
|     icmp_ln23_4_fu_200_p2                                                           |     |        | icmp_ln23_4   | seteq     | auto                     | 0       |
|     add_ln27_fu_256_p2                                                              |     |        | add_ln27      | add       | fabric                   | 0       |
|  + layer_norm_backward_impl_4_256_s                                                 | 10  |        |               |           |                          |         |
|    icmp_ln61_fu_210_p2                                                              |     |        | icmp_ln61     | seteq     | auto                     | 0       |
|    add_ln61_fu_216_p2                                                               |     |        | add_ln61      | add       | fabric                   | 0       |
|    faddfsub_32ns_32ns_32_2_full_dsp_1_U166                                          |     |        | add_ln65      | add       | fabric                   | 0       |
|    fmul_32ns_32ns_32_2_max_dsp_1_U167                                               | 3   |        | mean          | fmul      | maxdsp                   | 1       |
|    fmul_32ns_32ns_32_2_max_dsp_1_U167                                               |     |        | empty_153     | adapter   | m_axi                    | 0       |
|    add_ln65_1_fu_253_p2                                                             |     |        | add_ln65_1    | add       | fabric                   | 0       |
|    fmul_32ns_32ns_32_2_max_dsp_1_U167                                               | 3   |        | var           | fmul      | maxdsp                   | 1       |
|    faddfsub_32ns_32ns_32_2_full_dsp_1_U166                                          | 2   |        | x_assign      | fadd      | fulldsp                  | 1       |
|    fsqrt_32ns_32ns_32_6_no_dsp_1_U169                                               |     |        | std_dev       | fsqrt     | fabric                   | 5       |
|    fmul_32ns_32ns_32_2_max_dsp_1_U167                                               | 3   |        | mean_dy       | fmul      | maxdsp                   | 1       |
|    fmul_32ns_32ns_32_2_max_dsp_1_U168                                               | 3   |        | mean_dy_y     | fmul      | maxdsp                   | 1       |
|   + layer_norm_backward_impl_4_256_Pipeline_VITIS_LOOP_63_2                         | 0   |        |               |           |                          |         |
|     icmp_ln63_fu_97_p2                                                              |     |        | icmp_ln63     | seteq     | auto                     | 0       |
|     add_ln63_fu_103_p2                                                              |     |        | add_ln63      | add       | fabric                   | 0       |
|   + layer_norm_backward_impl_4_256_Pipeline_VITIS_LOOP_80_4                         | 0   |        |               |           |                          |         |
|     icmp_ln80_fu_150_p2                                                             |     |        | icmp_ln80     | seteq     | auto                     | 0       |
|     add_ln80_fu_156_p2                                                              |     |        | add_ln80      | add       | fabric                   | 0       |
|     add_ln82_fu_166_p2                                                              |     |        | add_ln82      | add       | fabric                   | 0       |
|   + layer_norm_backward_impl_4_256_Pipeline_VITIS_LOOP_70_3                         | 0   |        |               |           |                          |         |
|     icmp_ln70_fu_111_p2                                                             |     |        | icmp_ln70     | seteq     | auto                     | 0       |
|     add_ln70_fu_117_p2                                                              |     |        | add_ln70      | add       | fabric                   | 0       |
|   + layer_norm_backward_impl_4_256_Pipeline_VITIS_LOOP_89_5                         | 0   |        |               |           |                          |         |
|     icmp_ln89_fu_155_p2                                                             |     |        | icmp_ln89     | seteq     | auto                     | 0       |
|     add_ln89_fu_161_p2                                                              |     |        | add_ln89      | add       | fabric                   | 0       |
|     add_ln91_fu_171_p2                                                              |     |        | add_ln91      | add       | fabric                   | 0       |
|     fdiv_32ns_32ns_32_6_no_dsp_1_U157                                               |     |        | div           | fdiv      | fabric                   | 5       |
|  + transformer_block_lora_backward_Pipeline_VITIS_LOOP_778_1                        | 0   |        |               |           |                          |         |
|    icmp_ln778_fu_109_p2                                                             |     |        | icmp_ln778    | seteq     | auto                     | 0       |
|    add_ln778_fu_115_p2                                                              |     |        | add_ln778     | add       | fabric                   | 0       |
|  + multi_head_lora_backward_impl_4_256_4_4_s                                        | 34  |        |               |           |                          |         |
|    icmp_ln18_fu_833_p2                                                              |     |        | icmp_ln18     | seteq     | auto                     | 0       |
|    add_ln18_fu_839_p2                                                               |     |        | add_ln18      | add       | fabric                   | 0       |
|    icmp_ln641_fu_871_p2                                                             |     |        | icmp_ln641    | seteq     | auto                     | 0       |
|    add_ln641_fu_877_p2                                                              |     |        | add_ln641     | add       | fabric                   | 0       |
|    icmp_ln18_1_fu_908_p2                                                            |     |        | icmp_ln18_1   | seteq     | auto                     | 0       |
|    add_ln18_1_fu_914_p2                                                             |     |        | add_ln18_1    | add       | fabric                   | 0       |
|    icmp_ln34_fu_934_p2                                                              |     |        | icmp_ln34     | seteq     | auto                     | 0       |
|    add_ln34_fu_940_p2                                                               |     |        | add_ln34      | add       | fabric                   | 0       |
|    add_ln642_fu_951_p2                                                              |     |        | add_ln642     | add       | fabric                   | 0       |
|    icmp_ln125_fu_999_p2                                                             |     |        | icmp_ln125    | seteq     | auto                     | 0       |
|    add_ln125_fu_1005_p2                                                             |     |        | add_ln125     | add       | fabric                   | 0       |
|   + multi_head_lora_backward_impl_4_256_4_4_Pipeline_VITIS_LOOP_20_2                | 0   |        |               |           |                          |         |
|     icmp_ln20_fu_79_p2                                                              |     |        | icmp_ln20     | seteq     | auto                     | 0       |
|     add_ln20_1_fu_85_p2                                                             |     |        | add_ln20_1    | add       | fabric                   | 0       |
|     add_ln20_fu_95_p2                                                               |     |        | add_ln20      | add       | fabric                   | 0       |
|   + multi_head_lora_backward_impl_Pipeline_VITIS_LOOP_21_3_VITIS_LOOP_23_4          | 0   |        |               |           |                          |         |
|     icmp_ln21_fu_156_p2                                                             |     |        | icmp_ln21     | seteq     | auto                     | 0       |
|     add_ln21_1_fu_162_p2                                                            |     |        | add_ln21_1    | add       | fabric                   | 0       |
|     icmp_ln23_fu_171_p2                                                             |     |        | icmp_ln23     | seteq     | auto                     | 0       |
|     select_ln21_fu_177_p3                                                           |     |        | select_ln21   | select    | auto_sel                 | 0       |
|     select_ln21_1_fu_225_p3                                                         |     |        | select_ln21_1 | select    | auto_sel                 | 0       |
|     empty_fu_235_p3                                                                 |     |        | empty         | select    | auto_sel                 | 0       |
|     add_ln21_fu_242_p2                                                              |     |        | add_ln21      | add       | fabric                   | 0       |
|     add_ln23_fu_190_p2                                                              |     |        | add_ln23      | add       | fabric                   | 0       |
|     icmp_ln23_3_fu_196_p2                                                           |     |        | icmp_ln23_3   | seteq     | auto                     | 0       |
|     add_ln27_fu_252_p2                                                              |     |        | add_ln27      | add       | fabric                   | 0       |
|   + multi_head_lora_backward_impl_Pipeline_VITIS_LOOP_647_2_VITIS_LOOP_648_3        | 0   |        |               |           |                          |         |
|     icmp_ln647_fu_340_p2                                                            |     |        | icmp_ln647    | seteq     | auto                     | 0       |
|     add_ln647_fu_346_p2                                                             |     |        | add_ln647     | add       | fabric                   | 0       |
|     icmp_ln648_fu_358_p2                                                            |     |        | icmp_ln648    | seteq     | auto                     | 0       |
|     select_ln647_fu_364_p3                                                          |     |        | select_ln647  | select    | auto_sel                 | 0       |
|     empty_115_fu_372_p3                                                             |     |        | empty_115     | select    | auto_sel                 | 0       |
|     add_ln647_1_fu_380_p2                                                           |     |        | add_ln647_1   | add       | fabric                   | 0       |
|     first_iter_1_fu_386_p2                                                          |     |        | first_iter_1  | seteq     | auto                     | 0       |
|     add_ln650_fu_410_p2                                                             |     |        | add_ln650     | add       | fabric                   | 0       |
|     add_ln650_1_fu_416_p2                                                           |     |        | add_ln650_1   | add       | fabric                   | 0       |
|     add_ln650_2_fu_422_p2                                                           |     |        | add_ln650_2   | add       | fabric                   | 0       |
|     add_ln650_3_fu_580_p2                                                           |     |        | add_ln650_3   | add       | fabric                   | 0       |
|     add_ln651_fu_500_p2                                                             |     |        | add_ln651     | add       | fabric                   | 0       |
|     mul_8ns_10ns_17_1_1_U194                                                        |     |        | mul_ln652     | mul       | auto                     | 0       |
|     urem_7ns_4ns_3_11_1_U193                                                        |     |        | urem_ln652    | urem      | auto                     | 10      |
|     add_ln648_fu_548_p2                                                             |     |        | add_ln648     | add       | fabric                   | 0       |
|   + multi_head_lora_backward_impl_4_256_4_4_Pipeline_VITIS_LOOP_20_21               | 0   |        |               |           |                          |         |
|     icmp_ln20_fu_184_p2                                                             |     |        | icmp_ln20     | seteq     | auto                     | 0       |
|     add_ln20_fu_190_p2                                                              |     |        | add_ln20      | add       | fabric                   | 0       |
|     add_ln20_2_fu_196_p2                                                            |     |        | add_ln20_2    | add       | fabric                   | 0       |
|     mul_8ns_10ns_17_1_1_U213                                                        |     |        | mul_ln20      | mul       | auto                     | 0       |
|     urem_7ns_4ns_3_11_1_U214                                                        |     |        | urem_ln20     | urem      | auto                     | 10      |
|     sparsemux_11_3_32_1_1_U215                                                      |     |        | tmp           | sparsemux | compactencoding_dontcare | 0       |
|   + multi_head_lora_backward_impl_Pipeline_VITIS_LOOP_21_3_VITIS_LOOP_23_42         | 0   |        |               |           |                          |         |
|     icmp_ln21_fu_145_p2                                                             |     |        | icmp_ln21     | seteq     | auto                     | 0       |
|     add_ln21_fu_151_p2                                                              |     |        | add_ln21      | add       | fabric                   | 0       |
|     icmp_ln23_fu_163_p2                                                             |     |        | icmp_ln23     | seteq     | auto                     | 0       |
|     select_ln21_fu_169_p3                                                           |     |        | select_ln21   | select    | auto_sel                 | 0       |
|     select_ln21_2_fu_263_p3                                                         |     |        | select_ln21_2 | select    | auto_sel                 | 0       |
|     empty_fu_177_p3                                                                 |     |        | empty         | select    | auto_sel                 | 0       |
|     add_ln21_2_fu_185_p2                                                            |     |        | add_ln21_2    | add       | fabric                   | 0       |
|     add_ln25_fu_216_p2                                                              |     |        | add_ln25      | add       | fabric                   | 0       |
|     add_ln23_fu_227_p2                                                              |     |        | add_ln23      | add       | fabric                   | 0       |
|     icmp_ln23_2_fu_233_p2                                                           |     |        | icmp_ln23_2   | seteq     | auto                     | 0       |
|     add_ln27_fu_239_p2                                                              |     |        | add_ln27      | add       | fabric                   | 0       |
|   + multi_head_lora_backward_impl_4_256_4_4_Pipeline_VITIS_LOOP_37_2                | 0   |        |               |           |                          |         |
|     icmp_ln37_fu_164_p2                                                             |     |        | icmp_ln37     | seteq     | auto                     | 0       |
|     add_ln37_1_fu_170_p2                                                            |     |        | add_ln37_1    | add       | fabric                   | 0       |
|     add_ln37_fu_196_p2                                                              |     |        | add_ln37      | add       | fabric                   | 0       |
|   + multi_head_lora_backward_impl_4_256_4_4_Pipeline_VITIS_LOOP_39_3                | 0   |        |               |           |                          |         |
|     icmp_ln39_fu_382_p2                                                             |     |        | icmp_ln39     | seteq     | auto                     | 0       |
|     add_ln39_fu_388_p2                                                              |     |        | add_ln39      | add       | fabric                   | 0       |
|     add_ln39_1_fu_397_p2                                                            |     |        | add_ln39_1    | add       | fabric                   | 0       |
|     icmp_ln39_1_fu_403_p2                                                           |     |        | icmp_ln39_1   | seteq     | auto                     | 0       |
|     select_ln39_fu_409_p3                                                           |     |        | select_ln39   | select    | auto_sel                 | 0       |
|     mul_6ns_8ns_13_1_1_U247                                                         |     |        | mul_ln39      | mul       | auto                     | 0       |
|     sparsemux_11_3_32_1_1_U251                                                      |     |        | tmp_1         | sparsemux | compactencoding_dontcare | 0       |
|     mul_7ns_9ns_15_1_1_U248                                                         |     |        | mul_ln43      | mul       | auto                     | 0       |
|     sparsemux_11_3_32_1_1_x_U252                                                    |     |        | tmp_2         | sparsemux | compactencoding_dontcare | 0       |
|     mul_8ns_10ns_17_1_1_U249                                                        |     |        | mul_ln43_1    | mul       | auto                     | 0       |
|     sparsemux_11_3_32_1_1_x_U253                                                    |     |        | tmp_3         | sparsemux | compactencoding_dontcare | 0       |
|     mul_8ns_10ns_17_1_1_U250                                                        |     |        | mul_ln43_2    | mul       | auto                     | 0       |
|     sparsemux_11_3_32_1_1_x_U254                                                    |     |        | tmp_4         | sparsemux | compactencoding_dontcare | 0       |
|     add_ln44_fu_686_p2                                                              |     |        | add_ln44      | add       | fabric                   | 0       |
|   + multi_head_lora_backward_impl_4_256_4_4_Pipeline_VITIS_LOOP_126_2               | 0   |        |               |           |                          |         |
|     icmp_ln126_fu_316_p2                                                            |     |        | icmp_ln126    | seteq     | auto                     | 0       |
|     add_ln126_fu_322_p2                                                             |     |        | add_ln126     | add       | fabric                   | 0       |
|     add_ln128_fu_345_p2                                                             |     |        | add_ln128     | add       | fabric                   | 0       |
|   + attention_scores_backward_impl_4_64_s                                           | 0   |        |               |           |                          |         |
|     icmp_ln18_fu_275_p2                                                             |     |        | icmp_ln18     | seteq     | auto                     | 0       |
|     add_ln18_fu_281_p2                                                              |     |        | add_ln18      | add       | fabric                   | 0       |
|     icmp_ln34_fu_337_p2                                                             |     |        | icmp_ln34     | seteq     | auto                     | 0       |
|     add_ln34_fu_343_p2                                                              |     |        | add_ln34      | add       | fabric                   | 0       |
|    + attention_scores_backward_impl_4_64_Pipeline_VITIS_LOOP_116_1_VITIS_LOOP_117_2 | 0   |        |               |           |                          |         |
|      icmp_ln116_fu_105_p2                                                           |     |        | icmp_ln116    | seteq     | auto                     | 0       |
|      add_ln116_1_fu_111_p2                                                          |     |        | add_ln116_1   | add       | fabric                   | 0       |
|      icmp_ln117_fu_123_p2                                                           |     |        | icmp_ln117    | seteq     | auto                     | 0       |
|      select_ln116_fu_129_p3                                                         |     |        | select_ln116  | select    | auto_sel                 | 0       |
|      empty_fu_137_p3                                                                |     |        | empty         | select    | auto_sel                 | 0       |
|      add_ln116_fu_145_p2                                                            |     |        | add_ln116     | add       | fabric                   | 0       |
|      add_ln120_fu_171_p2                                                            |     |        | add_ln120     | add       | fabric                   | 0       |
|      add_ln119_fu_194_p2                                                            |     |        | add_ln119     | add       | fabric                   | 0       |
|      add_ln117_fu_200_p2                                                            |     |        | add_ln117     | add       | fabric                   | 0       |
|    + attention_scores_backward_impl_4_64_Pipeline_VITIS_LOOP_156_1                  | 0   |        |               |           |                          |         |
|      icmp_ln156_fu_171_p2                                                           |     |        | icmp_ln156    | seteq     | auto                     | 0       |
|      add_ln156_fu_177_p2                                                            |     |        | add_ln156     | add       | fabric                   | 0       |
|      mul_4ns_6ns_9_1_1_U323                                                         |     |        | mul_ln156     | mul       | auto                     | 0       |
|      add_ln156_1_fu_228_p2                                                          |     |        | add_ln156_1   | add       | fabric                   | 0       |
|      icmp_ln156_1_fu_234_p2                                                         |     |        | icmp_ln156_1  | seteq     | auto                     | 0       |
|      select_ln156_fu_240_p3                                                         |     |        | select_ln156  | select    | auto_sel                 | 0       |
|    + attention_scores_backward_impl_4_64_Pipeline_VITIS_LOOP_20_2                   | 0   |        |               |           |                          |         |
|      icmp_ln20_fu_201_p2                                                            |     |        | icmp_ln20     | seteq     | auto                     | 0       |
|      add_ln20_9_fu_207_p2                                                           |     |        | add_ln20_9    | add       | fabric                   | 0       |
|      add_ln20_fu_221_p2                                                             |     |        | add_ln20      | add       | fabric                   | 0       |
|      mul_4ns_6ns_9_1_1_U331                                                         |     |        | mul_ln20      | mul       | auto                     | 0       |
|      urem_4ns_4ns_3_8_1_U332                                                        |     |        | urem_ln20     | urem      | auto                     | 7       |
|      sparsemux_11_3_32_1_1_U333                                                     |     |        | tmp           | sparsemux | compactencoding_dontcare | 0       |
|    + attention_scores_backward_impl_4_64_Pipeline_VITIS_LOOP_21_3_VITIS_LOOP_23_4   | 0   |        |               |           |                          |         |
|      icmp_ln21_fu_173_p2                                                            |     |        | icmp_ln21     | seteq     | auto                     | 0       |
|      add_ln21_fu_179_p2                                                             |     |        | add_ln21      | add       | fabric                   | 0       |
|      icmp_ln23_fu_191_p2                                                            |     |        | icmp_ln23     | seteq     | auto                     | 0       |
|      select_ln21_fu_197_p3                                                          |     |        | select_ln21   | select    | auto_sel                 | 0       |
|      select_ln21_8_fu_314_p3                                                        |     |        | select_ln21_8 | select    | auto_sel                 | 0       |
|      empty_fu_205_p3                                                                |     |        | empty         | select    | auto_sel                 | 0       |
|      add_ln21_7_fu_213_p2                                                           |     |        | add_ln21_7    | add       | fabric                   | 0       |
|      sparsemux_9_2_32_1_1_U347                                                      |     |        | tmp_s         | sparsemux | compactencoding_dontcare | 0       |
|      add_ln25_fu_267_p2                                                             |     |        | add_ln25      | add       | fabric                   | 0       |
|      add_ln23_fu_278_p2                                                             |     |        | add_ln23      | add       | fabric                   | 0       |
|      icmp_ln23_8_fu_284_p2                                                          |     |        | icmp_ln23_8   | seteq     | auto                     | 0       |
|      add_ln27_fu_290_p2                                                             |     |        | add_ln27      | add       | fabric                   | 0       |
|    + attention_scores_backward_impl_4_64_Pipeline_VITIS_LOOP_37_2                   | 0   |        |               |           |                          |         |
|      icmp_ln37_fu_125_p2                                                            |     |        | icmp_ln37     | seteq     | auto                     | 0       |
|      add_ln37_3_fu_131_p2                                                           |     |        | add_ln37_3    | add       | fabric                   | 0       |
|    + attention_scores_backward_impl_Pipeline_VITIS_LOOP_116_1_VITIS_LOOP_117_216    | 0   |        |               |           |                          |         |
|      icmp_ln116_fu_105_p2                                                           |     |        | icmp_ln116    | seteq     | auto                     | 0       |
|      add_ln116_fu_111_p2                                                            |     |        | add_ln116     | add       | fabric                   | 0       |
|      icmp_ln117_fu_123_p2                                                           |     |        | icmp_ln117    | seteq     | auto                     | 0       |
|      select_ln116_fu_129_p3                                                         |     |        | select_ln116  | select    | auto_sel                 | 0       |
|      empty_fu_137_p3                                                                |     |        | empty         | select    | auto_sel                 | 0       |
|      add_ln116_1_fu_145_p2                                                          |     |        | add_ln116_1   | add       | fabric                   | 0       |
|      add_ln120_fu_171_p2                                                            |     |        | add_ln120     | add       | fabric                   | 0       |
|      add_ln119_fu_194_p2                                                            |     |        | add_ln119     | add       | fabric                   | 0       |
|      add_ln117_fu_200_p2                                                            |     |        | add_ln117     | add       | fabric                   | 0       |
|    + attention_scores_backward_impl_4_64_Pipeline_VITIS_LOOP_39_3                   | 0   |        |               |           |                          |         |
|      icmp_ln39_fu_336_p2                                                            |     |        | icmp_ln39     | seteq     | auto                     | 0       |
|      add_ln39_fu_342_p2                                                             |     |        | add_ln39      | add       | fabric                   | 0       |
|      sparsemux_9_2_32_1_1_U369                                                      |     |        | tmp_s         | sparsemux | compactencoding_dontcare | 0       |
|      icmp_ln43_fu_377_p2                                                            |     |        | icmp_ln43     | setlt     | auto                     | 0       |
|      select_ln43_fu_383_p3                                                          |     |        | select_ln43   | select    | auto_sel                 | 0       |
|      sparsemux_9_2_32_1_1_x_U372                                                    |     |        | tmp_2         | sparsemux | compactencoding_dontcare | 0       |
|      mul_4ns_6ns_9_1_1_U370                                                         |     |        | mul_ln43      | mul       | auto                     | 0       |
|      sparsemux_9_2_32_1_1_x_U373                                                    |     |        | tmp_3         | sparsemux | compactencoding_dontcare | 0       |
|      mul_4ns_6ns_9_1_1_U371                                                         |     |        | mul_ln43_5    | mul       | auto                     | 0       |
|      sparsemux_9_2_32_1_1_x_U374                                                    |     |        | tmp_4         | sparsemux | compactencoding_dontcare | 0       |
|      add_ln44_fu_551_p2                                                             |     |        | add_ln44      | add       | fabric                   | 0       |
|   + multi_head_lora_backward_impl_4_256_4_4_Pipeline_VITIS_LOOP_106_2               | 0   |        |               |           |                          |         |
|     icmp_ln106_fu_236_p2                                                            |     |        | icmp_ln106    | seteq     | auto                     | 0       |
|     add_ln106_fu_242_p2                                                             |     |        | add_ln106     | add       | fabric                   | 0       |
|     sparsemux_9_2_32_1_1_U294                                                       |     |        | tmp_5         | sparsemux | compactencoding_dontcare | 0       |
|     sparsemux_9_2_32_1_1_U293                                                       |     |        | tmp_6         | sparsemux | compactencoding_dontcare | 0       |
|   + multi_head_lora_backward_impl_4_256_4_4_Pipeline_VITIS_LOOP_134_3               | 0   |        |               |           |                          |         |
|     icmp_ln134_fu_109_p2                                                            |     |        | icmp_ln134    | seteq     | auto                     | 0       |
|     add_ln134_fu_115_p2                                                             |     |        | add_ln134     | add       | fabric                   | 0       |
|     sparsemux_9_2_32_1_1_U313                                                       |     |        | tmp_7         | sparsemux | compactencoding_dontcare | 0       |
|     add_ln136_fu_154_p2                                                             |     |        | add_ln136     | add       | fabric                   | 0       |
|   + multi_head_lora_backward_impl_Pipeline_VITIS_LOOP_675_4_VITIS_LOOP_676_5        | 0   |        |               |           |                          |         |
|     icmp_ln675_fu_175_p2                                                            |     |        | icmp_ln675    | seteq     | auto                     | 0       |
|     add_ln675_fu_181_p2                                                             |     |        | add_ln675     | add       | fabric                   | 0       |
|     icmp_ln676_fu_193_p2                                                            |     |        | icmp_ln676    | seteq     | auto                     | 0       |
|     select_ln675_fu_199_p3                                                          |     |        | select_ln675  | select    | auto_sel                 | 0       |
|     empty_fu_207_p3                                                                 |     |        | empty         | select    | auto_sel                 | 0       |
|     add_ln675_1_fu_215_p2                                                           |     |        | add_ln675_1   | add       | fabric                   | 0       |
|     add_ln678_fu_237_p2                                                             |     |        | add_ln678     | add       | fabric                   | 0       |
|     add_ln679_fu_243_p2                                                             |     |        | add_ln679     | add       | fabric                   | 0       |
|     add_ln676_fu_256_p2                                                             |     |        | add_ln676     | add       | fabric                   | 0       |
|   + lora_project_backward_impl_4_256_4_s                                            | 30  |        |               |           |                          |         |
|     fmul_32ns_32ns_32_2_max_dsp_1_U657                                              | 3   |        | scale         | fmul      | maxdsp                   | 1       |
|     fadd_32ns_32ns_32_2_full_dsp_1_U658                                             |     |        | empty_150     | adapter   | m_axi                    | 0       |
|    + lora_project_backward_impl_4_256_4_Outline_VITIS_LOOP_85_1                     | 0   |        |               |           |                          |         |
|      icmp_ln85_fu_184_p2                                                            |     |        | icmp_ln85     | seteq     | auto                     | 0       |
|      add_ln85_1_fu_190_p2                                                           |     |        | add_ln85_1    | add       | fabric                   | 0       |
|      add_ln85_fu_212_p2                                                             |     |        | add_ln85      | add       | fabric                   | 0       |
|      icmp_ln86_fu_245_p2                                                            |     |        | icmp_ln86     | seteq     | auto                     | 0       |
|      add_ln86_fu_251_p2                                                             |     |        | add_ln86      | add       | fabric                   | 0       |
|      add_ln106_fu_265_p2                                                            |     |        | add_ln106     | add       | fabric                   | 0       |
|     + lora_project_backward_impl_4_256_4_Pipeline_2                                 | 0   |        |               |           |                          |         |
|       exitcond_i20_fu_82_p2                                                         |     |        | exitcond_i20  | seteq     | auto                     | 0       |
|       empty_147_fu_88_p2                                                            |     |        | empty_147     | add       | fabric                   | 0       |
|     + lora_project_backward_impl_4_256_4_Pipeline_VITIS_LOOP_91_3                   | 0   |        |               |           |                          |         |
|       icmp_ln91_fu_209_p2                                                           |     |        | icmp_ln91     | seteq     | auto                     | 0       |
|       add_ln91_fu_215_p2                                                            |     |        | add_ln91      | add       | fabric                   | 0       |
|       add_ln97_fu_243_p2                                                            |     |        | add_ln97      | add       | fabric                   | 0       |
|       sparsemux_9_2_32_1_1_U424                                                     |     |        | tmp_9         | sparsemux | compactencoding_dontcare | 0       |
|    + lora_project_backward_impl_4_256_4_Pipeline_VITIS_LOOP_218_1                   | 1   |        |               |           |                          |         |
|      icmp_ln218_fu_178_p2                                                           |     |        | icmp_ln218    | seteq     | auto                     | 0       |
|      add_ln218_fu_184_p2                                                            |     |        | add_ln218     | add       | fabric                   | 0       |
|      mul_10ns_12ns_21_1_1_U443                                                      | 1   |        | mul_ln218     | mul       | auto                     | 0       |
|      add_ln218_1_fu_235_p2                                                          |     |        | add_ln218_1   | add       | fabric                   | 0       |
|      icmp_ln218_1_fu_241_p2                                                         |     |        | icmp_ln218_1  | seteq     | auto                     | 0       |
|      select_ln218_fu_247_p3                                                         |     |        | select_ln218  | select    | auto_sel                 | 0       |
|    + lora_project_backward_impl_4_256_4_Outline_VITIS_LOOP_18_1                     | 1   |        |               |           |                          |         |
|      icmp_ln18_fu_143_p2                                                            |     |        | icmp_ln18     | seteq     | auto                     | 0       |
|      add_ln18_fu_149_p2                                                             |     |        | add_ln18      | add       | fabric                   | 0       |
|     + lora_project_backward_impl_4_256_4_Pipeline_VITIS_LOOP_20_2                   | 1   |        |               |           |                          |         |
|       icmp_ln20_fu_182_p2                                                           |     |        | icmp_ln20     | seteq     | auto                     | 0       |
|       add_ln20_7_fu_188_p2                                                          |     |        | add_ln20_7    | add       | fabric                   | 0       |
|       add_ln20_fu_194_p2                                                            |     |        | add_ln20      | add       | fabric                   | 0       |
|       mul_10ns_12ns_21_1_1_U452                                                     | 1   |        | mul_ln20      | mul       | auto                     | 0       |
|       urem_9ns_4ns_3_13_1_U453                                                      |     |        | urem_ln20     | urem      | auto                     | 12      |
|       sparsemux_11_3_32_1_1_U454                                                    |     |        | tmp           | sparsemux | compactencoding_dontcare | 0       |
|     + lora_project_backward_impl_4_256_4_Pipeline_VITIS_LOOP_21_3_VITIS_LOOP_23_4   | 0   |        |               |           |                          |         |
|       icmp_ln21_fu_234_p2                                                           |     |        | icmp_ln21     | seteq     | auto                     | 0       |
|       add_ln21_fu_240_p2                                                            |     |        | add_ln21      | add       | fabric                   | 0       |
|       icmp_ln23_fu_252_p2                                                           |     |        | icmp_ln23     | seteq     | auto                     | 0       |
|       select_ln21_fu_258_p3                                                         |     |        | select_ln21   | select    | auto_sel                 | 0       |
|       select_ln21_7_fu_361_p3                                                       |     |        | select_ln21_7 | select    | auto_sel                 | 0       |
|       empty_fu_266_p3                                                               |     |        | empty         | select    | auto_sel                 | 0       |
|       add_ln21_6_fu_274_p2                                                          |     |        | add_ln21_6    | add       | fabric                   | 0       |
|       add_ln23_fu_289_p2                                                            |     |        | add_ln23      | add       | fabric                   | 0       |
|       icmp_ln23_7_fu_295_p2                                                         |     |        | icmp_ln23_7   | seteq     | auto                     | 0       |
|       add_ln27_fu_301_p2                                                            |     |        | add_ln27      | add       | fabric                   | 0       |
|       mul_4ns_6ns_9_1_1_U466                                                        |     |        | mul_ln27      | mul       | auto                     | 0       |
|       urem_4ns_4ns_3_8_1_U467                                                       |     |        | urem_ln27     | urem      | auto                     | 7       |
|    + lora_project_backward_impl_4_256_4_Outline_VITIS_LOOP_18_113                   | 0   |        |               |           |                          |         |
|      icmp_ln18_fu_110_p2                                                            |     |        | icmp_ln18     | seteq     | auto                     | 0       |
|      add_ln18_fu_116_p2                                                             |     |        | add_ln18      | add       | fabric                   | 0       |
|     + lora_project_backward_impl_4_256_4_Pipeline_VITIS_LOOP_20_214                 | 0   |        |               |           |                          |         |
|       icmp_ln20_fu_79_p2                                                            |     |        | icmp_ln20     | seteq     | auto                     | 0       |
|       add_ln20_fu_85_p2                                                             |     |        | add_ln20      | add       | fabric                   | 0       |
|       add_ln20_6_fu_95_p2                                                           |     |        | add_ln20_6    | add       | fabric                   | 0       |
|     + lora_project_backward_impl_4_256_4_Pipeline_VITIS_LOOP_21_3_VITIS_LOOP_23_415 | 0   |        |               |           |                          |         |
|       icmp_ln21_fu_156_p2                                                           |     |        | icmp_ln21     | seteq     | auto                     | 0       |
|       add_ln21_fu_162_p2                                                            |     |        | add_ln21      | add       | fabric                   | 0       |
|       icmp_ln23_fu_171_p2                                                           |     |        | icmp_ln23     | seteq     | auto                     | 0       |
|       select_ln21_fu_177_p3                                                         |     |        | select_ln21   | select    | auto_sel                 | 0       |
|       select_ln21_6_fu_225_p3                                                       |     |        | select_ln21_6 | select    | auto_sel                 | 0       |
|       empty_fu_235_p3                                                               |     |        | empty         | select    | auto_sel                 | 0       |
|       add_ln21_5_fu_242_p2                                                          |     |        | add_ln21_5    | add       | fabric                   | 0       |
|       add_ln23_fu_190_p2                                                            |     |        | add_ln23      | add       | fabric                   | 0       |
|       icmp_ln23_6_fu_196_p2                                                         |     |        | icmp_ln23_6   | seteq     | auto                     | 0       |
|       add_ln27_fu_252_p2                                                            |     |        | add_ln27      | add       | fabric                   | 0       |
|    + lora_project_backward_impl_4_256_4_Outline_VITIS_LOOP_34_1                     | 6   |        |               |           |                          |         |
|      icmp_ln34_fu_124_p2                                                            |     |        | icmp_ln34     | seteq     | auto                     | 0       |
|      add_ln34_fu_130_p2                                                             |     |        | add_ln34      | add       | fabric                   | 0       |
|     + lora_project_backward_impl_4_256_4_Pipeline_VITIS_LOOP_37_2                   | 0   |        |               |           |                          |         |
|       icmp_ln37_fu_125_p2                                                           |     |        | icmp_ln37     | seteq     | auto                     | 0       |
|       add_ln37_2_fu_131_p2                                                          |     |        | add_ln37_2    | add       | fabric                   | 0       |
|     + lora_project_backward_impl_4_256_4_Pipeline_VITIS_LOOP_39_3                   | 6   |        |               |           |                          |         |
|       icmp_ln39_fu_395_p2                                                           |     |        | icmp_ln39     | seteq     | auto                     | 0       |
|       add_ln39_fu_401_p2                                                            |     |        | add_ln39      | add       | fabric                   | 0       |
|       add_ln40_fu_410_p2                                                            |     |        | add_ln40      | add       | fabric                   | 0       |
|       icmp_ln40_fu_416_p2                                                           |     |        | icmp_ln40     | seteq     | auto                     | 0       |
|       select_ln40_fu_422_p3                                                         |     |        | select_ln40   | select    | auto_sel                 | 0       |
|       mul_8ns_10ns_17_1_1_U506                                                      |     |        | mul_ln39      | mul       | auto                     | 0       |
|       sparsemux_11_3_32_1_1_U510                                                    |     |        | tmp_1         | sparsemux | compactencoding_dontcare | 0       |
|       mul_9ns_11ns_19_1_1_U507                                                      | 1   |        | mul_ln43      | mul       | auto                     | 0       |
|       sparsemux_11_3_32_1_1_x0_U511                                                 |     |        | tmp_2         | sparsemux | compactencoding_dontcare | 0       |
|       mul_10ns_12ns_21_1_1_U508                                                     | 1   |        | mul_ln43_3    | mul       | auto                     | 0       |
|       sparsemux_11_3_32_1_1_x_U512                                                  |     |        | tmp_3         | sparsemux | compactencoding_dontcare | 0       |
|       mul_10ns_12ns_21_1_1_U509                                                     | 1   |        | mul_ln43_4    | mul       | auto                     | 0       |
|       sparsemux_11_3_32_1_1_x_U513                                                  |     |        | tmp_4         | sparsemux | compactencoding_dontcare | 0       |
|       fmul_32ns_32ns_32_2_max_dsp_1_U505                                            | 3   |        | mul22_3_i     | fmul      | maxdsp                   | 1       |
|    + lora_project_backward_impl_4_256_4_Outline_VITIS_LOOP_18_17                    | 0   |        |               |           |                          |         |
|      icmp_ln18_fu_148_p2                                                            |     |        | icmp_ln18     | seteq     | auto                     | 0       |
|      add_ln18_fu_154_p2                                                             |     |        | add_ln18      | add       | fabric                   | 0       |
|     + lora_project_backward_impl_4_256_4_Pipeline_VITIS_LOOP_20_28                  | 0   |        |               |           |                          |         |
|       icmp_ln20_fu_201_p2                                                           |     |        | icmp_ln20     | seteq     | auto                     | 0       |
|       add_ln20_fu_207_p2                                                            |     |        | add_ln20      | add       | fabric                   | 0       |
|       add_ln20_5_fu_221_p2                                                          |     |        | add_ln20_5    | add       | fabric                   | 0       |
|       mul_4ns_6ns_9_1_1_U542                                                        |     |        | mul_ln20      | mul       | auto                     | 0       |
|       urem_4ns_4ns_3_8_1_U543                                                       |     |        | urem_ln20     | urem      | auto                     | 7       |
|       sparsemux_11_3_32_1_1_U544                                                    |     |        | tmp_s         | sparsemux | compactencoding_dontcare | 0       |
|     + lora_project_backward_impl_4_256_4_Pipeline_VITIS_LOOP_21_3_VITIS_LOOP_23_49  | 0   |        |               |           |                          |         |
|       icmp_ln21_fu_191_p2                                                           |     |        | icmp_ln21     | seteq     | auto                     | 0       |
|       add_ln21_fu_197_p2                                                            |     |        | add_ln21      | add       | fabric                   | 0       |
|       icmp_ln23_fu_206_p2                                                           |     |        | icmp_ln23     | seteq     | auto                     | 0       |
|       select_ln21_fu_212_p3                                                         |     |        | select_ln21   | select    | auto_sel                 | 0       |
|       select_ln21_5_fu_283_p3                                                       |     |        | select_ln21_5 | select    | auto_sel                 | 0       |
|       empty_fu_293_p3                                                               |     |        | empty         | select    | auto_sel                 | 0       |
|       add_ln21_4_fu_300_p2                                                          |     |        | add_ln21_4    | add       | fabric                   | 0       |
|       sparsemux_9_2_32_1_1_U557                                                     |     |        | tmp_s         | sparsemux | compactencoding_dontcare | 0       |
|       add_ln23_fu_248_p2                                                            |     |        | add_ln23      | add       | fabric                   | 0       |
|       icmp_ln23_5_fu_254_p2                                                         |     |        | icmp_ln23_5   | seteq     | auto                     | 0       |
|       add_ln27_fu_310_p2                                                            |     |        | add_ln27      | add       | fabric                   | 0       |
|    + lora_project_backward_impl_4_256_4_Outline_VITIS_LOOP_34_110                   | 0   |        |               |           |                          |         |
|      icmp_ln34_fu_175_p2                                                            |     |        | icmp_ln34     | seteq     | auto                     | 0       |
|      add_ln34_fu_181_p2                                                             |     |        | add_ln34      | add       | fabric                   | 0       |
|     + lora_project_backward_impl_4_256_4_Pipeline_VITIS_LOOP_37_211                 | 0   |        |               |           |                          |         |
|       icmp_ln37_fu_156_p2                                                           |     |        | icmp_ln37     | seteq     | auto                     | 0       |
|       add_ln37_fu_162_p2                                                            |     |        | add_ln37      | add       | fabric                   | 0       |
|       add_ln37_2_fu_186_p2                                                          |     |        | add_ln37_2    | add       | fabric                   | 0       |
|     + lora_project_backward_impl_4_256_4_Pipeline_VITIS_LOOP_39_312                 | 0   |        |               |           |                          |         |
|       icmp_ln39_1_fu_351_p2                                                         |     |        | icmp_ln39_1   | seteq     | auto                     | 0       |
|       add_ln39_1_fu_357_p2                                                          |     |        | add_ln39_1    | add       | fabric                   | 0       |
|       sparsemux_9_2_32_1_1_U591                                                     |     |        | tmp_5         | sparsemux | compactencoding_dontcare | 0       |
|       icmp_ln43_fu_392_p2                                                           |     |        | icmp_ln43     | setlt     | auto                     | 0       |
|       select_ln43_fu_398_p3                                                         |     |        | select_ln43   | select    | auto_sel                 | 0       |
|       sparsemux_9_2_32_1_1_x_U594                                                   |     |        | tmp_6         | sparsemux | compactencoding_dontcare | 0       |
|       mul_4ns_6ns_9_1_1_U592                                                        |     |        | mul_ln43      | mul       | auto                     | 0       |
|       sparsemux_9_2_32_1_1_x_U595                                                   |     |        | tmp_7         | sparsemux | compactencoding_dontcare | 0       |
|       mul_4ns_6ns_9_1_1_U593                                                        |     |        | mul_ln43_3    | mul       | auto                     | 0       |
|       sparsemux_9_2_32_1_1_x_U596                                                   |     |        | tmp_8         | sparsemux | compactencoding_dontcare | 0       |
|    + lora_project_backward_impl_4_256_4_Pipeline_VITIS_LOOP_234_2                   | 0   |        |               |           |                          |         |
|      icmp_ln234_fu_87_p2                                                            |     |        | icmp_ln234    | seteq     | auto                     | 0       |
|      add_ln234_fu_93_p2                                                             |     |        | add_ln234     | add       | fabric                   | 0       |
|   + multi_head_lora_backward_impl_4_256_4_4_Outline_VITIS_LOOP_18_1                 | 0   |        |               |           |                          |         |
|     icmp_ln18_fu_110_p2                                                             |     |        | icmp_ln18     | seteq     | auto                     | 0       |
|     add_ln18_fu_116_p2                                                              |     |        | add_ln18      | add       | fabric                   | 0       |
|    + multi_head_lora_backward_impl_4_256_4_4_Pipeline_VITIS_LOOP_20_23              | 0   |        |               |           |                          |         |
|      icmp_ln20_fu_79_p2                                                             |     |        | icmp_ln20     | seteq     | auto                     | 0       |
|      add_ln20_fu_85_p2                                                              |     |        | add_ln20      | add       | fabric                   | 0       |
|      add_ln20_1_fu_95_p2                                                            |     |        | add_ln20_1    | add       | fabric                   | 0       |
|    + multi_head_lora_backward_impl_Pipeline_VITIS_LOOP_21_3_VITIS_LOOP_23_44        | 0   |        |               |           |                          |         |
|      icmp_ln21_fu_156_p2                                                            |     |        | icmp_ln21     | seteq     | auto                     | 0       |
|      add_ln21_fu_162_p2                                                             |     |        | add_ln21      | add       | fabric                   | 0       |
|      icmp_ln23_fu_171_p2                                                            |     |        | icmp_ln23     | seteq     | auto                     | 0       |
|      select_ln21_fu_177_p3                                                          |     |        | select_ln21   | select    | auto_sel                 | 0       |
|      select_ln21_1_fu_225_p3                                                        |     |        | select_ln21_1 | select    | auto_sel                 | 0       |
|      empty_fu_235_p3                                                                |     |        | empty         | select    | auto_sel                 | 0       |
|      add_ln21_1_fu_242_p2                                                           |     |        | add_ln21_1    | add       | fabric                   | 0       |
|      add_ln23_fu_190_p2                                                             |     |        | add_ln23      | add       | fabric                   | 0       |
|      icmp_ln23_1_fu_196_p2                                                          |     |        | icmp_ln23_1   | seteq     | auto                     | 0       |
|      add_ln27_fu_252_p2                                                             |     |        | add_ln27      | add       | fabric                   | 0       |
|   + multi_head_lora_backward_impl_4_256_4_4_Pipeline_VITIS_LOOP_700_6               | 0   |        |               |           |                          |         |
|     icmp_ln700_fu_106_p2                                                            |     |        | icmp_ln700    | seteq     | auto                     | 0       |
|     add_ln700_fu_112_p2                                                             |     |        | add_ln700     | add       | fabric                   | 0       |
|  + transformer_block_lora_backward_Pipeline_VITIS_LOOP_795_2                        | 0   |        |               |           |                          |         |
|    icmp_ln795_fu_114_p2                                                             |     |        | icmp_ln795    | seteq     | auto                     | 0       |
|    add_ln795_fu_120_p2                                                              |     |        | add_ln795     | add       | fabric                   | 0       |
+-------------------------------------------------------------------------------------+-----+--------+---------------+-----------+--------------------------+---------+


================================================================
== Storage Report
================================================================
+---------------------------------------------------------------------+--------------+-----------+------+------+--------+--------+------------------+------+---------+------------------+
| Name                                                                | Usage        | Type      | BRAM | URAM | CE_REG | Pragma | Variable         | Impl | Latency | Bitwidth, Depth, |
|                                                                     |              |           |      |      |        |        |                  |      |         | Banks            |
+---------------------------------------------------------------------+--------------+-----------+------+------+--------+--------+------------------+------+---------+------------------+
| + transformer_block_lora_backward                                   |              |           | 101  | 0    |        |        |                  |      |         |                  |
|   control_s_axi_U                                                   | interface    | s_axilite |      |      |        |        |                  |      |         |                  |
|   gmem0_m_axi_U                                                     | interface    | m_axi     | 2    |      |        |        |                  |      |         |                  |
|   gmem1_m_axi_U                                                     | interface    | m_axi     | 2    |      |        |        |                  |      |         |                  |
|   gmem10_m_axi_U                                                    | interface    | m_axi     | 2    |      |        |        |                  |      |         |                  |
|   gmem11_m_axi_U                                                    | interface    | m_axi     | 2    |      |        |        |                  |      |         |                  |
|   gmem12_m_axi_U                                                    | interface    | m_axi     | 2    |      |        |        |                  |      |         |                  |
|   gmem13_m_axi_U                                                    | interface    | m_axi     | 2    |      |        |        |                  |      |         |                  |
|   gmem14_m_axi_U                                                    | interface    | m_axi     | 2    |      |        |        |                  |      |         |                  |
|   gmem15_m_axi_U                                                    | interface    | m_axi     | 2    |      |        |        |                  |      |         |                  |
|   gmem16_m_axi_U                                                    | interface    | m_axi     | 2    |      |        |        |                  |      |         |                  |
|   gmem17_m_axi_U                                                    | interface    | m_axi     | 2    |      |        |        |                  |      |         |                  |
|   gmem18_m_axi_U                                                    | interface    | m_axi     | 2    |      |        |        |                  |      |         |                  |
|   gmem19_m_axi_U                                                    | interface    | m_axi     | 2    |      |        |        |                  |      |         |                  |
|   gmem2_m_axi_U                                                     | interface    | m_axi     | 2    |      |        |        |                  |      |         |                  |
|   gmem20_m_axi_U                                                    | interface    | m_axi     |      |      |        |        |                  |      |         |                  |
|   gmem21_m_axi_U                                                    | interface    | m_axi     |      |      |        |        |                  |      |         |                  |
|   gmem22_m_axi_U                                                    | interface    | m_axi     |      |      |        |        |                  |      |         |                  |
|   gmem23_m_axi_U                                                    | interface    | m_axi     |      |      |        |        |                  |      |         |                  |
|   gmem24_m_axi_U                                                    | interface    | m_axi     |      |      |        |        |                  |      |         |                  |
|   gmem3_m_axi_U                                                     | interface    | m_axi     | 2    |      |        |        |                  |      |         |                  |
|   gmem4_m_axi_U                                                     | interface    | m_axi     | 2    |      |        |        |                  |      |         |                  |
|   gmem5_m_axi_U                                                     | interface    | m_axi     | 2    |      |        |        |                  |      |         |                  |
|   gmem6_m_axi_U                                                     | interface    | m_axi     | 2    |      |        |        |                  |      |         |                  |
|   gmem7_m_axi_U                                                     | interface    | m_axi     | 2    |      |        |        |                  |      |         |                  |
|   gmem8_m_axi_U                                                     | interface    | m_axi     | 2    |      |        |        |                  |      |         |                  |
|   gmem9_m_axi_U                                                     | interface    | m_axi     | 2    |      |        |        |                  |      |         |                  |
|   dLayer4_U                                                         | ram_1p array |           | 2    |      | N      |        | dLayer4          | auto | 1       | 32, 1024, 1      |
|   dLayer3_from_ln2_U                                                | ram_1p array |           | 2    |      | N      |        | dLayer3_from_ln2 | auto | 1       | 32, 1024, 1      |
|   dLayer3_U                                                         | ram_1p array |           | 2    |      | N      |        | dLayer3          | auto | 1       | 32, 1024, 1      |
|   dLayer1_U                                                         | ram_1p array |           | 2    |      | N      |        | dLayer1          | auto | 1       | 32, 1024, 1      |
|   dX_from_ln1_U                                                     | ram_1p array |           | 2    |      | N      |        | dX_from_ln1      | auto | 1       | 32, 1024, 1      |
|  + mlp_backward_impl_4_256_512_s                                    |              |           | 10   | 0    |        |        |                  |      |         |                  |
|    a_U                                                              | ram_1p array |           | 1    |      | N      |        | a                | auto | 1       | 32, 512, 1       |
|    a_2_U                                                            | ram_1p array |           | 1    |      | N      |        | a_2              | auto | 1       | 32, 256, 1       |
|    d_inner_gelu_U                                                   | ram_1p array |           | 4    |      | N      |        | d_inner_gelu     | auto | 1       | 32, 2048, 1      |
|    d_inner_U                                                        | ram_1p array |           | 4    |      | N      |        | d_inner          | auto | 1       | 32, 2048, 1      |
|  + multi_head_lora_backward_impl_4_256_4_4_s                        |              |           | 41   | 0    |        |        |                  |      |         |                  |
|    fadd_32ns_32ns_32_2_full_dsp_1_U707                              | ram_1p array |           | 1    |      | N      |        | a                | auto | 1       | 32, 64, 1        |
|    a_1_U                                                            | ram_1p array |           | 1    |      | N      |        | a_1              | auto | 1       | 32, 256, 1       |
|    dConcatenated_U                                                  | ram_1p array |           | 2    |      | N      |        | dConcatenated    | auto | 1       | 32, 1024, 1      |
|    dQ_U                                                             | ram_1p array |           | 2    |      | N      |        | dQ               | auto | 1       | 32, 1024, 1      |
|    dK_U                                                             | ram_1p array |           | 2    |      | N      |        | dK               | auto | 1       | 32, 1024, 1      |
|    dV_U                                                             | ram_1p array |           | 2    |      | N      |        | dV               | auto | 1       | 32, 1024, 1      |
|    Q_h_U                                                            | ram_1p array |           | 1    |      | N      |        | Q_h              | auto | 1       | 32, 256, 1       |
|    K_h_U                                                            | ram_1p array |           | 1    |      | N      |        | K_h              | auto | 1       | 32, 256, 1       |
|    V_h_U                                                            | ram_1p array |           | 1    |      | N      |        | V_h              | auto | 1       | 32, 256, 1       |
|    dHeadOut_U                                                       | ram_1p array |           | 1    |      | N      |        | dHeadOut         | auto | 1       | 32, 52, 1        |
|    dHeadOut_1_U                                                     | ram_1p array |           | 1    |      | N      |        | dHeadOut_1       | auto | 1       | 32, 52, 1        |
|    dHeadOut_2_U                                                     | ram_1p array |           | 1    |      | N      |        | dHeadOut_2       | auto | 1       | 32, 52, 1        |
|    dHeadOut_3_U                                                     | ram_1p array |           | 1    |      | N      |        | dHeadOut_3       | auto | 1       | 32, 52, 1        |
|    dHeadOut_4_U                                                     | ram_1p array |           | 1    |      | N      |        | dHeadOut_4       | auto | 1       | 32, 52, 1        |
|    dProbs_h_U                                                       | ram_1p array |           |      |      | N      |        | dProbs_h         | auto | 1       | 32, 16, 1        |
|    dScores_h_U                                                      | ram_1p array |           |      |      | N      |        | dScores_h        | auto | 1       | 32, 16, 1        |
|    dQ_h_U                                                           | ram_1p array |           | 1    |      | N      |        | dQ_h             | auto | 1       | 32, 256, 1       |
|    dK_h_U                                                           | ram_1p array |           | 1    |      | N      |        | dK_h             | auto | 1       | 32, 256, 1       |
|    fadd_32ns_32ns_32_2_full_dsp_1_U708                              | ram_1p array |           | 1    |      | N      |        | dV_h             | auto | 1       | 32, 256, 1       |
|    dX_q_U                                                           | ram_1p array |           | 2    |      | N      |        | dX_q             | auto | 1       | 32, 1024, 1      |
|    dX_k_U                                                           | ram_1p array |           | 2    |      | N      |        | dX_k             | auto | 1       | 32, 1024, 1      |
|    dX_v_U                                                           | ram_1p array |           | 2    |      | N      |        | dX_v             | auto | 1       | 32, 1024, 1      |
|   + attention_scores_backward_impl_4_64_s                           |              |           | 2    | 0    |        |        |                  |      |         |                  |
|     key_T_U                                                         | ram_1p array |           | 1    |      | N      |        | key_T            | auto | 1       | 32, 256, 1       |
|     draw_U                                                          | ram_1p array |           |      |      | N      |        | draw             | auto | 1       | 32, 4, 1         |
|     draw_5_U                                                        | ram_2p array |           |      |      | N      |        | draw_5           | auto | 1       | 32, 4, 1         |
|     draw_6_U                                                        | ram_2p array |           |      |      | N      |        | draw_6           | auto | 1       | 32, 4, 1         |
|     draw_7_U                                                        | ram_2p array |           |      |      | N      |        | draw_7           | auto | 1       | 32, 4, 1         |
|     draw_8_U                                                        | ram_1p array |           |      |      | N      |        | draw_8           | auto | 1       | 32, 4, 1         |
|     dKeyT_U                                                         | ram_1p array |           | 1    |      | N      |        | dKeyT            | auto | 1       | 32, 256, 1       |
|   + lora_project_backward_impl_4_256_4_s                            |              |           | 11   | 0    |        |        |                  |      |         |                  |
|     XA_U                                                            | ram_1p array |           |      |      | N      |        | XA               | auto | 1       | 32, 16, 1        |
|     dUpdate_U                                                       | ram_1p array |           | 1    |      | N      |        | dUpdate          | auto | 1       | 32, 205, 1       |
|     dUpdate_5_U                                                     | ram_1p array |           | 1    |      | N      |        | dUpdate_5        | auto | 1       | 32, 205, 1       |
|     dUpdate_6_U                                                     | ram_1p array |           | 1    |      | N      |        | dUpdate_6        | auto | 1       | 32, 205, 1       |
|     fmul_32ns_32ns_32_2_max_dsp_1_U654                              | ram_1p array |           | 1    |      | N      |        | dUpdate_7        | auto | 1       | 32, 205, 1       |
|     dUpdate_8_U                                                     | ram_1p array |           | 1    |      | N      |        | dUpdate_8        | auto | 1       | 32, 205, 1       |
|     dXA_U                                                           | ram_1p array |           |      |      | N      |        | dXA              | auto | 1       | 32, 4, 1         |
|     dXA_5_U                                                         | ram_2p array |           |      |      | N      |        | dXA_5            | auto | 1       | 32, 4, 1         |
|     dXA_6_U                                                         | ram_2p array |           |      |      | N      |        | dXA_6            | auto | 1       | 32, 4, 1         |
|     dXA_7_U                                                         | ram_2p array |           |      |      | N      |        | dXA_7            | auto | 1       | 32, 4, 1         |
|     dXA_8_U                                                         | ram_1p array |           |      |      | N      |        | dXA_8            | auto | 1       | 32, 4, 1         |
|     dX_fromA_U                                                      | ram_1p array |           | 2    |      | N      |        | dX_fromA         | auto | 1       | 32, 1024, 1      |
|     dX_fromW_U                                                      | ram_1p array |           | 2    |      | N      |        | dX_fromW         | auto | 1       | 32, 1024, 1      |
|    + lora_project_backward_impl_4_256_4_Outline_VITIS_LOOP_18_1     |              |           | 1    | 0    |        |        |                  |      |         |                  |
|      a_U                                                            | ram_1p array |           | 1    |      | N      |        | a                | auto | 1       | 32, 256, 1       |
|    + lora_project_backward_impl_4_256_4_Outline_VITIS_LOOP_18_113   |              |           | 1    | 0    |        |        |                  |      |         |                  |
|      a_U                                                            | ram_1p array |           | 1    |      | N      |        | a                | auto | 1       | 32, 256, 1       |
|   + multi_head_lora_backward_impl_4_256_4_4_Outline_VITIS_LOOP_18_1 |              |           | 1    | 0    |        |        |                  |      |         |                  |
|     a_U                                                             | ram_1p array |           | 1    |      | N      |        | a                | auto | 1       | 32, 256, 1       |
+---------------------------------------------------------------------+--------------+-----------+------+------+--------+--------+------------------+------+---------+------------------+


================================================================
== Pragma Report
================================================================
* Inferred Pragmas
+-----------------+----------------------------------------------+-----------------------------------------------------------------------------------------------------------------------------------------------------------------+----------------------------------------------------+
| Type            | Options                                      | Location                                                                                                                                                        | Inferred From                                      |
+-----------------+----------------------------------------------+-----------------------------------------------------------------------------------------------------------------------------------------------------------------+----------------------------------------------------+
| LOOP_FLATTEN    |                                              | loop VITIS_LOOP_117_2 (../transformer/cct_modules.h:117:27) in attention_scores_backward_impl<4, 64> (../transformer/cct_modules.h:117)                         | pipeline ../transformer/cct_modules.h:118          |
| LOOP_FLATTEN    |                                              | loop VITIS_LOOP_23_4 (../transformer/cct_modules_backward.h:23:30) in multi_head_lora_backward_impl<4, 256, 4, 4> (../transformer/cct_modules_backward.h:23)    | pipeline ../transformer/cct_modules_backward.h:24  |
| ARRAY_PARTITION | dim=1 type=cyclic factor=5 variable=draw     | variable draw in attention_scores_backward_impl<4, 64> (../transformer/cct_modules_backward.h:155)                                                              | pipeline ../transformer/cct_modules_backward.h:40  |
| ARRAY_PARTITION | dim=1 type=cyclic factor=5 variable=dUpdate  | variable dUpdate in lora_project_backward_impl<4, 256, 4> (../transformer/cct_modules_backward.h:217)                                                           | pipeline ../transformer/cct_modules_backward.h:40  |
| ARRAY_PARTITION | dim=1 type=cyclic factor=5 variable=dXA      | variable dXA in lora_project_backward_impl<4, 256, 4> (../transformer/cct_modules_backward.h:223)                                                               | pipeline ../transformer/cct_modules_backward.h:40  |
| ARRAY_PARTITION | dim=1 type=cyclic factor=5 variable=dHeadOut | variable dHeadOut in multi_head_lora_backward_impl<4, 256, 4, 4> (../transformer/cct_modules_backward.h:645)                                                    | pipeline ../transformer/cct_modules_backward.h:40  |
| LOOP_FLATTEN    |                                              | loop VITIS_LOOP_648_3 (../transformer/cct_modules_backward.h:648:31) in multi_head_lora_backward_impl<4, 256, 4, 4> (../transformer/cct_modules_backward.h:648) | pipeline ../transformer/cct_modules_backward.h:649 |
| LOOP_FLATTEN    |                                              | loop VITIS_LOOP_676_5 (../transformer/cct_modules_backward.h:676:31) in multi_head_lora_backward_impl<4, 256, 4, 4> (../transformer/cct_modules_backward.h:676) | pipeline ../transformer/cct_modules_backward.h:677 |
| ARRAY_PARTITION | dim=1 type=complete variable=a.i             | variable a.i in attention_scores_backward_impl<4, 64> (../transformer/cct_modules_backward.h:19)                                                                | syn.array_partition.complete_threshold=4           |
| ARRAY_PARTITION | dim=1 type=complete variable=partial_sum.i   | variable partial_sum.i in lora_project_backward_impl<4, 256, 4> (../transformer/cct_modules.h:87)                                                               | syn.array_partition.complete_threshold=4           |
| PIPELINE        |                                              | loop VITIS_LOOP_20_2 (../transformer/cct_modules_backward.h:20:26) in lora_project_backward_impl<4, 256, 4> (../transformer/cct_modules_backward.h:20)          | syn.compile.pipeline_loops=64                      |
| PIPELINE        |                                              | loop VITIS_LOOP_37_2 (../transformer/cct_modules_backward.h:37:26) in lora_project_backward_impl<4, 256, 4> (../transformer/cct_modules_backward.h:37)          | syn.compile.pipeline_loops=64                      |
+-----------------+----------------------------------------------+-----------------------------------------------------------------------------------------------------------------------------------------------------------------+----------------------------------------------------+

* Implemented Pragmas
+-----------------+-------------------------------------------+-----------------------------------------------------------------------------------------------------------------------------------------------+
| Type            | Options                                   | Location                                                                                                                                      |
+-----------------+-------------------------------------------+-----------------------------------------------------------------------------------------------------------------------------------------------+
| ARRAY_PARTITION | dim=1 type=complete variable=a.i1.i       | in multi_head_lora_backward_impl<4, 256, 4, 4> (../transformer/cct_modules_backward.h:36)                                                     |
| UNROLL          |                                           | in softmax_backward_impl<4> (../transformer/cct_modules_backward.h:103)                                                                       |
| ARRAY_PARTITION | dim=1 type=complete variable=prob_row.i   | in multi_head_lora_backward_impl<4, 256, 4, 4> (../transformer/cct_modules_backward.h:121)                                                    |
| ARRAY_PARTITION | dim=1 type=complete variable=dprob_row.i  | in multi_head_lora_backward_impl<4, 256, 4, 4> (../transformer/cct_modules_backward.h:122)                                                    |
| ARRAY_PARTITION | dim=1 type=complete variable=dscore_row.i | in multi_head_lora_backward_impl<4, 256, 4, 4> (../transformer/cct_modules_backward.h:123)                                                    |
| INLINE          |                                           | in _zn3hls4expfef (/wrk/ci/prod/2026.1/hls_product/continuous/738/2026.1/src/shared/hls/clib/hlsmath/src/c++/expfloat.cpp:21)                 |
| INLINE          |                                           | in _zn11exp_reduce_3expef (/wrk/ci/prod/2026.1/hls_product/continuous/738/2026.1/src/shared/hls/clib/hlsmath/src/common/hls_exp_float.cpp:16) |
+-----------------+-------------------------------------------+-----------------------------------------------------------------------------------------------------------------------------------------------+

* Valid Pragma Syntax
+-----------------+----------------------------------------------------+---------------------------------------------------------------------------------------------+
| Type            | Options                                            | Location                                                                                    |
+-----------------+----------------------------------------------------+---------------------------------------------------------------------------------------------+
| PIPELINE        | ii=1                                               | in gemv_impl (../transformer/cct_modules.h:12)                                              |
| PIPELINE        | ii=1                                               | in layer_norm_impl (../transformer/cct_modules.h:72)                                        |
| PIPELINE        | ii=1                                               | in gemm_impl (../transformer/cct_modules.h:92)                                              |
| PIPELINE        | ii=1                                               | in transpose_impl (../transformer/cct_modules.h:118)                                        |
| PIPELINE        | ii=1                                               | in lora_project_impl (../transformer/cct_modules.h:445)                                     |
| PIPELINE        | ii=1                                               | in multi_head_lora_impl (../transformer/cct_modules.h:495)                                  |
| PIPELINE        | ii=1                                               | in multi_head_lora_impl (../transformer/cct_modules.h:513)                                  |
| PIPELINE        |                                                    | in gemm_backward_din1 (../transformer/cct_modules_backward.h:24)                            |
| ARRAY_PARTITION | variable=a complete                                | in gemm_backward_din2 (../transformer/cct_modules_backward.h:36)                            |
| PIPELINE        | ii=1                                               | in gemm_backward_din2 (../transformer/cct_modules_backward.h:40)                            |
| PIPELINE        |                                                    | in layer_norm_backward_impl (../transformer/cct_modules_backward.h:64)                      |
| PIPELINE        |                                                    | in layer_norm_backward_impl (../transformer/cct_modules_backward.h:71)                      |
| PIPELINE        |                                                    | in layer_norm_backward_impl (../transformer/cct_modules_backward.h:81)                      |
| PIPELINE        | ii=1                                               | in layer_norm_backward_impl (../transformer/cct_modules_backward.h:90)                      |
| UNROLL          |                                                    | in softmax_backward_impl (../transformer/cct_modules_backward.h:103)                        |
| PIPELINE        | ii=1                                               | in softmax_backward_impl (../transformer/cct_modules_backward.h:107)                        |
| ARRAY_PARTITION | variable=prob_row complete                         | in attention_softmax_backward_impl (../transformer/cct_modules_backward.h:121)              |
| ARRAY_PARTITION | variable=dprob_row complete                        | in attention_softmax_backward_impl (../transformer/cct_modules_backward.h:122)              |
| ARRAY_PARTITION | variable=dscore_row complete                       | in attention_softmax_backward_impl (../transformer/cct_modules_backward.h:123)              |
| PIPELINE        | ii=1                                               | in attention_softmax_backward_impl (../transformer/cct_modules_backward.h:127)              |
| PIPELINE        |                                                    | in attention_softmax_backward_impl (../transformer/cct_modules_backward.h:135)              |
| PIPELINE        | ii=1                                               | in attention_scores_backward_impl (../transformer/cct_modules_backward.h:157)               |
| PIPELINE        | ii=1                                               | in gelu_backward_impl (../transformer/cct_modules_backward.h:189)                           |
| PIPELINE        | ii=1                                               | in lora_project_backward_impl (../transformer/cct_modules_backward.h:219)                   |
| PIPELINE        | ii=1                                               | in lora_project_backward_impl (../transformer/cct_modules_backward.h:235)                   |
| PIPELINE        | ii=1                                               | in multi_head_forward_train_impl (../transformer/cct_modules_backward.h:324)                |
| PIPELINE        | ii=1                                               | in multi_head_forward_train_impl (../transformer/cct_modules_backward.h:341)                |
| PIPELINE        | ii=1                                               | in multi_head_backward_impl (../transformer/cct_modules_backward.h:388)                     |
| PIPELINE        | ii=1                                               | in multi_head_backward_impl (../transformer/cct_modules_backward.h:416)                     |
| PIPELINE        | ii=1                                               | in multi_head_backward_impl (../transformer/cct_modules_backward.h:441)                     |
| PIPELINE        | ii=1                                               | in transformer_block_backward_impl (../transformer/cct_modules_backward.h:516)              |
| PIPELINE        | ii=1                                               | in transformer_block_backward_impl (../transformer/cct_modules_backward.h:533)              |
| PIPELINE        | ii=1                                               | in multi_head_lora_forward_train_impl (../transformer/cct_modules_backward.h:582)           |
| PIPELINE        | ii=1                                               | in multi_head_lora_forward_train_impl (../transformer/cct_modules_backward.h:599)           |
| PIPELINE        | ii=1                                               | in multi_head_lora_backward_impl (../transformer/cct_modules_backward.h:649)                |
| PIPELINE        | ii=1                                               | in multi_head_lora_backward_impl (../transformer/cct_modules_backward.h:677)                |
| PIPELINE        | ii=1                                               | in multi_head_lora_backward_impl (../transformer/cct_modules_backward.h:701)                |
| PIPELINE        | ii=1                                               | in transformer_block_lora_backward_impl (../transformer/cct_modules_backward.h:779)         |
| PIPELINE        | ii=1                                               | in transformer_block_lora_backward_impl (../transformer/cct_modules_backward.h:796)         |
| INTERFACE       | m_axi port=X offset=slave bundle=gmem0             | in transformer_block_lora_train (../transformer/transformer_block_lora_backward.cpp:35)     |
| INTERFACE       | m_axi port=WQ offset=slave bundle=gmem1            | in transformer_block_lora_train (../transformer/transformer_block_lora_backward.cpp:36)     |
| INTERFACE       | m_axi port=WK offset=slave bundle=gmem2            | in transformer_block_lora_train (../transformer/transformer_block_lora_backward.cpp:37)     |
| INTERFACE       | m_axi port=WV offset=slave bundle=gmem3            | in transformer_block_lora_train (../transformer/transformer_block_lora_backward.cpp:38)     |
| INTERFACE       | m_axi port=WO offset=slave bundle=gmem4            | in transformer_block_lora_train (../transformer/transformer_block_lora_backward.cpp:39)     |
| INTERFACE       | m_axi port=lora_AQ offset=slave bundle=gmem5       | in transformer_block_lora_train (../transformer/transformer_block_lora_backward.cpp:40)     |
| INTERFACE       | m_axi port=lora_BQ offset=slave bundle=gmem6       | in transformer_block_lora_train (../transformer/transformer_block_lora_backward.cpp:41)     |
| INTERFACE       | m_axi port=lora_AV offset=slave bundle=gmem7       | in transformer_block_lora_train (../transformer/transformer_block_lora_backward.cpp:42)     |
| INTERFACE       | m_axi port=lora_BV offset=slave bundle=gmem8       | in transformer_block_lora_train (../transformer/transformer_block_lora_backward.cpp:43)     |
| INTERFACE       | m_axi port=W1 offset=slave bundle=gmem9            | in transformer_block_lora_train (../transformer/transformer_block_lora_backward.cpp:44)     |
| INTERFACE       | m_axi port=W2 offset=slave bundle=gmem10           | in transformer_block_lora_train (../transformer/transformer_block_lora_backward.cpp:45)     |
| INTERFACE       | m_axi port=out offset=slave bundle=gmem11          | in transformer_block_lora_train (../transformer/transformer_block_lora_backward.cpp:46)     |
| INTERFACE       | m_axi port=layer1_cache offset=slave bundle=gmem12 | in transformer_block_lora_train (../transformer/transformer_block_lora_backward.cpp:47)     |
| INTERFACE       | m_axi port=Q_cache offset=slave bundle=gmem13      | in transformer_block_lora_train (../transformer/transformer_block_lora_backward.cpp:48)     |
| INTERFACE       | m_axi port=K_cache offset=slave bundle=gmem14      | in transformer_block_lora_train (../transformer/transformer_block_lora_backward.cpp:49)     |
| INTERFACE       | m_axi port=V_cache offset=slave bundle=gmem15      | in transformer_block_lora_train (../transformer/transformer_block_lora_backward.cpp:50)     |
| INTERFACE       | m_axi port=probs_cache offset=slave bundle=gmem16  | in transformer_block_lora_train (../transformer/transformer_block_lora_backward.cpp:51)     |
| INTERFACE       | m_axi port=layer3_cache offset=slave bundle=gmem17 | in transformer_block_lora_train (../transformer/transformer_block_lora_backward.cpp:52)     |
| INTERFACE       | m_axi port=layer4_cache offset=slave bundle=gmem18 | in transformer_block_lora_train (../transformer/transformer_block_lora_backward.cpp:53)     |
| INTERFACE       | m_axi port=inner_cache offset=slave bundle=gmem19  | in transformer_block_lora_train (../transformer/transformer_block_lora_backward.cpp:54)     |
| INTERFACE       | s_axilite port=X bundle=control                    | in transformer_block_lora_train (../transformer/transformer_block_lora_backward.cpp:56)     |
| INTERFACE       | s_axilite port=WQ bundle=control                   | in transformer_block_lora_train (../transformer/transformer_block_lora_backward.cpp:57)     |
| INTERFACE       | s_axilite port=WK bundle=control                   | in transformer_block_lora_train (../transformer/transformer_block_lora_backward.cpp:58)     |
| INTERFACE       | s_axilite port=WV bundle=control                   | in transformer_block_lora_train (../transformer/transformer_block_lora_backward.cpp:59)     |
| INTERFACE       | s_axilite port=WO bundle=control                   | in transformer_block_lora_train (../transformer/transformer_block_lora_backward.cpp:60)     |
| INTERFACE       | s_axilite port=lora_AQ bundle=control              | in transformer_block_lora_train (../transformer/transformer_block_lora_backward.cpp:61)     |
| INTERFACE       | s_axilite port=lora_BQ bundle=control              | in transformer_block_lora_train (../transformer/transformer_block_lora_backward.cpp:62)     |
| INTERFACE       | s_axilite port=lora_AV bundle=control              | in transformer_block_lora_train (../transformer/transformer_block_lora_backward.cpp:63)     |
| INTERFACE       | s_axilite port=lora_BV bundle=control              | in transformer_block_lora_train (../transformer/transformer_block_lora_backward.cpp:64)     |
| INTERFACE       | s_axilite port=lora_alpha bundle=control           | in transformer_block_lora_train (../transformer/transformer_block_lora_backward.cpp:65)     |
| INTERFACE       | s_axilite port=W1 bundle=control                   | in transformer_block_lora_train (../transformer/transformer_block_lora_backward.cpp:66)     |
| INTERFACE       | s_axilite port=W2 bundle=control                   | in transformer_block_lora_train (../transformer/transformer_block_lora_backward.cpp:67)     |
| INTERFACE       | s_axilite port=out bundle=control                  | in transformer_block_lora_train (../transformer/transformer_block_lora_backward.cpp:68)     |
| INTERFACE       | s_axilite port=layer1_cache bundle=control         | in transformer_block_lora_train (../transformer/transformer_block_lora_backward.cpp:69)     |
| INTERFACE       | s_axilite port=Q_cache bundle=control              | in transformer_block_lora_train (../transformer/transformer_block_lora_backward.cpp:70)     |
| INTERFACE       | s_axilite port=K_cache bundle=control              | in transformer_block_lora_train (../transformer/transformer_block_lora_backward.cpp:71)     |
| INTERFACE       | s_axilite port=V_cache bundle=control              | in transformer_block_lora_train (../transformer/transformer_block_lora_backward.cpp:72)     |
| INTERFACE       | s_axilite port=probs_cache bundle=control          | in transformer_block_lora_train (../transformer/transformer_block_lora_backward.cpp:73)     |
| INTERFACE       | s_axilite port=layer3_cache bundle=control         | in transformer_block_lora_train (../transformer/transformer_block_lora_backward.cpp:74)     |
| INTERFACE       | s_axilite port=layer4_cache bundle=control         | in transformer_block_lora_train (../transformer/transformer_block_lora_backward.cpp:75)     |
| INTERFACE       | s_axilite port=inner_cache bundle=control          | in transformer_block_lora_train (../transformer/transformer_block_lora_backward.cpp:76)     |
| INTERFACE       | s_axilite port=return bundle=control               | in transformer_block_lora_train (../transformer/transformer_block_lora_backward.cpp:77)     |
| INTERFACE       | m_axi port=X offset=slave bundle=gmem0             | in transformer_block_lora_backward (../transformer/transformer_block_lora_backward.cpp:133) |
| INTERFACE       | m_axi port=WQ offset=slave bundle=gmem1            | in transformer_block_lora_backward (../transformer/transformer_block_lora_backward.cpp:134) |
| INTERFACE       | m_axi port=WK offset=slave bundle=gmem2            | in transformer_block_lora_backward (../transformer/transformer_block_lora_backward.cpp:135) |
| INTERFACE       | m_axi port=WV offset=slave bundle=gmem3            | in transformer_block_lora_backward (../transformer/transformer_block_lora_backward.cpp:136) |
| INTERFACE       | m_axi port=WO offset=slave bundle=gmem4            | in transformer_block_lora_backward (../transformer/transformer_block_lora_backward.cpp:137) |
| INTERFACE       | m_axi port=lora_AQ offset=slave bundle=gmem5       | in transformer_block_lora_backward (../transformer/transformer_block_lora_backward.cpp:138) |
| INTERFACE       | m_axi port=lora_BQ offset=slave bundle=gmem6       | in transformer_block_lora_backward (../transformer/transformer_block_lora_backward.cpp:139) |
| INTERFACE       | m_axi port=lora_AV offset=slave bundle=gmem7       | in transformer_block_lora_backward (../transformer/transformer_block_lora_backward.cpp:140) |
| INTERFACE       | m_axi port=lora_BV offset=slave bundle=gmem8       | in transformer_block_lora_backward (../transformer/transformer_block_lora_backward.cpp:141) |
| INTERFACE       | m_axi port=W1 offset=slave bundle=gmem9            | in transformer_block_lora_backward (../transformer/transformer_block_lora_backward.cpp:142) |
| INTERFACE       | m_axi port=W2 offset=slave bundle=gmem10           | in transformer_block_lora_backward (../transformer/transformer_block_lora_backward.cpp:143) |
| INTERFACE       | m_axi port=layer1_cache offset=slave bundle=gmem11 | in transformer_block_lora_backward (../transformer/transformer_block_lora_backward.cpp:144) |
| INTERFACE       | m_axi port=Q_cache offset=slave bundle=gmem12      | in transformer_block_lora_backward (../transformer/transformer_block_lora_backward.cpp:145) |
| INTERFACE       | m_axi port=K_cache offset=slave bundle=gmem13      | in transformer_block_lora_backward (../transformer/transformer_block_lora_backward.cpp:146) |
| INTERFACE       | m_axi port=V_cache offset=slave bundle=gmem14      | in transformer_block_lora_backward (../transformer/transformer_block_lora_backward.cpp:147) |
| INTERFACE       | m_axi port=probs_cache offset=slave bundle=gmem15  | in transformer_block_lora_backward (../transformer/transformer_block_lora_backward.cpp:148) |
| INTERFACE       | m_axi port=layer3_cache offset=slave bundle=gmem16 | in transformer_block_lora_backward (../transformer/transformer_block_lora_backward.cpp:149) |
| INTERFACE       | m_axi port=layer4_cache offset=slave bundle=gmem17 | in transformer_block_lora_backward (../transformer/transformer_block_lora_backward.cpp:150) |
| INTERFACE       | m_axi port=inner_cache offset=slave bundle=gmem18  | in transformer_block_lora_backward (../transformer/transformer_block_lora_backward.cpp:151) |
| INTERFACE       | m_axi port=dOut offset=slave bundle=gmem19         | in transformer_block_lora_backward (../transformer/transformer_block_lora_backward.cpp:152) |
| INTERFACE       | m_axi port=dX offset=slave bundle=gmem20           | in transformer_block_lora_backward (../transformer/transformer_block_lora_backward.cpp:153) |
| INTERFACE       | m_axi port=dAQ offset=slave bundle=gmem21          | in transformer_block_lora_backward (../transformer/transformer_block_lora_backward.cpp:154) |
| INTERFACE       | m_axi port=dBQ offset=slave bundle=gmem22          | in transformer_block_lora_backward (../transformer/transformer_block_lora_backward.cpp:155) |
| INTERFACE       | m_axi port=dAV offset=slave bundle=gmem23          | in transformer_block_lora_backward (../transformer/transformer_block_lora_backward.cpp:156) |
| INTERFACE       | m_axi port=dBV offset=slave bundle=gmem24          | in transformer_block_lora_backward (../transformer/transformer_block_lora_backward.cpp:157) |
| INTERFACE       | s_axilite port=X bundle=control                    | in transformer_block_lora_backward (../transformer/transformer_block_lora_backward.cpp:159) |
| INTERFACE       | s_axilite port=WQ bundle=control                   | in transformer_block_lora_backward (../transformer/transformer_block_lora_backward.cpp:160) |
| INTERFACE       | s_axilite port=WK bundle=control                   | in transformer_block_lora_backward (../transformer/transformer_block_lora_backward.cpp:161) |
| INTERFACE       | s_axilite port=WV bundle=control                   | in transformer_block_lora_backward (../transformer/transformer_block_lora_backward.cpp:162) |
| INTERFACE       | s_axilite port=WO bundle=control                   | in transformer_block_lora_backward (../transformer/transformer_block_lora_backward.cpp:163) |
| INTERFACE       | s_axilite port=lora_AQ bundle=control              | in transformer_block_lora_backward (../transformer/transformer_block_lora_backward.cpp:164) |
| INTERFACE       | s_axilite port=lora_BQ bundle=control              | in transformer_block_lora_backward (../transformer/transformer_block_lora_backward.cpp:165) |
| INTERFACE       | s_axilite port=lora_AV bundle=control              | in transformer_block_lora_backward (../transformer/transformer_block_lora_backward.cpp:166) |
| INTERFACE       | s_axilite port=lora_BV bundle=control              | in transformer_block_lora_backward (../transformer/transformer_block_lora_backward.cpp:167) |
| INTERFACE       | s_axilite port=lora_alpha bundle=control           | in transformer_block_lora_backward (../transformer/transformer_block_lora_backward.cpp:168) |
| INTERFACE       | s_axilite port=W1 bundle=control                   | in transformer_block_lora_backward (../transformer/transformer_block_lora_backward.cpp:169) |
| INTERFACE       | s_axilite port=W2 bundle=control                   | in transformer_block_lora_backward (../transformer/transformer_block_lora_backward.cpp:170) |
| INTERFACE       | s_axilite port=layer1_cache bundle=control         | in transformer_block_lora_backward (../transformer/transformer_block_lora_backward.cpp:171) |
| INTERFACE       | s_axilite port=Q_cache bundle=control              | in transformer_block_lora_backward (../transformer/transformer_block_lora_backward.cpp:172) |
| INTERFACE       | s_axilite port=K_cache bundle=control              | in transformer_block_lora_backward (../transformer/transformer_block_lora_backward.cpp:173) |
| INTERFACE       | s_axilite port=V_cache bundle=control              | in transformer_block_lora_backward (../transformer/transformer_block_lora_backward.cpp:174) |
| INTERFACE       | s_axilite port=probs_cache bundle=control          | in transformer_block_lora_backward (../transformer/transformer_block_lora_backward.cpp:175) |
| INTERFACE       | s_axilite port=layer3_cache bundle=control         | in transformer_block_lora_backward (../transformer/transformer_block_lora_backward.cpp:176) |
| INTERFACE       | s_axilite port=layer4_cache bundle=control         | in transformer_block_lora_backward (../transformer/transformer_block_lora_backward.cpp:177) |
| INTERFACE       | s_axilite port=inner_cache bundle=control          | in transformer_block_lora_backward (../transformer/transformer_block_lora_backward.cpp:178) |
| INTERFACE       | s_axilite port=dOut bundle=control                 | in transformer_block_lora_backward (../transformer/transformer_block_lora_backward.cpp:179) |
| INTERFACE       | s_axilite port=dX bundle=control                   | in transformer_block_lora_backward (../transformer/transformer_block_lora_backward.cpp:180) |
| INTERFACE       | s_axilite port=dAQ bundle=control                  | in transformer_block_lora_backward (../transformer/transformer_block_lora_backward.cpp:181) |
| INTERFACE       | s_axilite port=dBQ bundle=control                  | in transformer_block_lora_backward (../transformer/transformer_block_lora_backward.cpp:182) |
| INTERFACE       | s_axilite port=dAV bundle=control                  | in transformer_block_lora_backward (../transformer/transformer_block_lora_backward.cpp:183) |
| INTERFACE       | s_axilite port=dBV bundle=control                  | in transformer_block_lora_backward (../transformer/transformer_block_lora_backward.cpp:184) |
| INTERFACE       | s_axilite port=return bundle=control               | in transformer_block_lora_backward (../transformer/transformer_block_lora_backward.cpp:185) |
+-----------------+----------------------------------------------------+---------------------------------------------------------------------------------------------+


